"Event","SourceRx","OffsetHex","Offset","RxValue","TxValue","Comparison","Classification","DerivedFromRxOffset","DerivedRxValue"
"000301","01 0C","0x000","0","01","01","unchanged","protocol framing","",""
"000301","01 0C","0x001","1","0C","0C","unchanged","command/index","0x001","0C"
"000301","01 0C","0x002","2","00","00","unchanged","constant proven by multiple messages","",""
"000301","01 0C","0x003","3","06","01","changed","constant proven by multiple messages","",""
"000301","01 0C","0x004","4","01","01","unchanged","constant proven by multiple messages","",""
"000301","01 0C","0x005","5","01","01","unchanged","copied from current OTMR","0x004","01"
"000301","01 0C","0x006","6","01","02","changed","constant proven by multiple messages","",""
"000301","01 0C","0x007","7","CA","01","changed","constant proven by multiple messages","",""
"000301","01 0C","0x008","8","02","02","unchanged","protocol framing","",""
"000301","01 0C","0x009","9","00","0C","changed","command/index","0x001","0C"
"000301","01 0C","0x00A","10","00","03","changed","protocol framing","",""
"000301","01 0C","0x00B","11","00","0C","changed","checksum/CRC","",""
"000301","01 0C","0x00C","12","00","04","changed","protocol framing","",""
"000312","01 02","0x000","0","01","01","unchanged","protocol framing","",""
"000312","01 02","0x001","1","02","01","changed","command/index","0x003","01"
"000312","01 02","0x002","2","00","00","unchanged","constant proven by multiple messages","",""
"000312","01 02","0x003","3","01","01","unchanged","command/index","0x003","01"
"000312","01 02","0x004","4","00","00","unchanged","copied from current OTMR","0x004","00"
"000312","01 02","0x005","5","01","01","unchanged","copied from current OTMR","0x005","01"
"000312","01 02","0x006","6","01","01","unchanged","copied from current OTMR","0x006","01"
"000312","01 02","0x007","7","FF","FF","unchanged","length","0x007","FF"
"000312","01 02","0x008","8","02","02","unchanged","protocol framing","",""
"000312","01 02","0x009","9","06","02","changed","unknown","",""
"000312","01 02","0x00A","10","00","56","changed","copied from current OTMR","0x00E","56"
"000312","01 02","0x00B","11","00","30","changed","copied from current OTMR","0x00F","30"
"000312","01 02","0x00C","12","05","32","changed","copied from current OTMR","0x010","32"
"000312","01 02","0x00D","13","C0","2E","changed","copied from current OTMR","0x011","2E"
"000312","01 02","0x00E","14","56","30","changed","copied from current OTMR","0x012","30"
"000312","01 02","0x00F","15","30","34","changed","copied from current OTMR","0x013","34"
"000312","01 02","0x010","16","32","5F","changed","copied from current OTMR","0x014","5F"
"000312","01 02","0x011","17","2E","00","changed","copied from current OTMR","0x015","00"
"000312","01 02","0x012","18","30","30","unchanged","copied from current OTMR","0x016","30"
"000312","01 02","0x013","19","34","35","changed","copied from current OTMR","0x017","35"
"000312","01 02","0x014","20","5F","43","changed","copied from current OTMR","0x018","43"
"000312","01 02","0x015","21","00","30","changed","copied from current OTMR","0x019","30"
"000312","01 02","0x016","22","30","37","changed","copied from current OTMR","0x01A","37"
"000312","01 02","0x017","23","35","37","changed","copied from current OTMR","0x01B","37"
"000312","01 02","0x018","24","43","00","changed","copied from current OTMR","0x01C","00"
"000312","01 02","0x019","25","30","00","changed","copied from current OTMR","0x01D","00"
"000312","01 02","0x01A","26","37","37","unchanged","copied from current OTMR","0x01E","37"
"000312","01 02","0x01B","27","37","39","changed","copied from current OTMR","0x01F","39"
"000312","01 02","0x01C","28","00","38","changed","copied from current OTMR","0x020","38"
"000312","01 02","0x01D","29","00","30","changed","copied from current OTMR","0x021","30"
"000312","01 02","0x01E","30","37","34","changed","copied from current OTMR","0x022","34"
"000312","01 02","0x01F","31","39","00","changed","copied from current OTMR","0x023","00"
"000312","01 02","0x020","32","38","00","changed","copied from current OTMR","0x024","00"
"000312","01 02","0x021","33","30","00","changed","copied from current OTMR","0x025","00"
"000312","01 02","0x022","34","34","00","changed","copied from current OTMR","0x026","00"
"000312","01 02","0x023","35","00","00","unchanged","copied from current OTMR","0x027","00"
"000312","01 02","0x024","36","00","31","changed","copied from current OTMR","0x028","31"
"000312","01 02","0x025","37","00","37","changed","copied from current OTMR","0x029","37"
"000312","01 02","0x026","38","00","31","changed","copied from current OTMR","0x02A","31"
"000312","01 02","0x027","39","00","38","changed","copied from current OTMR","0x02B","38"
"000312","01 02","0x028","40","31","30","changed","copied from current OTMR","0x02C","30"
"000312","01 02","0x029","41","37","34","changed","copied from current OTMR","0x02D","34"
"000312","01 02","0x02A","42","31","00","changed","copied from current OTMR","0x02E","00"
"000312","01 02","0x02B","43","38","31","changed","copied from current OTMR","0x02F","31"
"000312","01 02","0x02C","44","30","37","changed","copied from current OTMR","0x030","37"
"000312","01 02","0x02D","45","34","31","changed","copied from current OTMR","0x031","31"
"000312","01 02","0x02E","46","00","00","unchanged","copied from current OTMR","0x032","00"
"000312","01 02","0x02F","47","31","00","changed","copied from current OTMR","0x033","00"
"000312","01 02","0x030","48","37","00","changed","copied from current OTMR","0x034","00"
"000312","01 02","0x031","49","31","00","changed","copied from current OTMR","0x035","00"
"000312","01 02","0x032","50","00","00","unchanged","copied from current OTMR","0x036","00"
"000312","01 02","0x033","51","00","00","unchanged","copied from current OTMR","0x037","00"
"000312","01 02","0x034","52","00","00","unchanged","copied from current OTMR","0x038","00"
"000312","01 02","0x035","53","00","00","unchanged","copied from current OTMR","0x039","00"
"000312","01 02","0x036","54","00","00","unchanged","copied from current OTMR","0x03A","00"
"000312","01 02","0x037","55","00","00","unchanged","copied from current OTMR","0x03B","00"
"000312","01 02","0x038","56","00","00","unchanged","copied from current OTMR","0x03C","00"
"000312","01 02","0x039","57","00","00","unchanged","copied from current OTMR","0x03D","00"
"000312","01 02","0x03A","58","00","00","unchanged","copied from current OTMR","0x03E","00"
"000312","01 02","0x03B","59","00","00","unchanged","copied from current OTMR","0x03F","00"
"000312","01 02","0x03C","60","00","00","unchanged","copied from current OTMR","0x040","00"
"000312","01 02","0x03D","61","00","00","unchanged","copied from current OTMR","0x041","00"
"000312","01 02","0x03E","62","00","00","unchanged","copied from current OTMR","0x042","00"
"000312","01 02","0x03F","63","00","00","unchanged","copied from current OTMR","0x043","00"
"000312","01 02","0x040","64","00","00","unchanged","copied from current OTMR","0x044","00"
"000312","01 02","0x041","65","00","00","unchanged","copied from current OTMR","0x045","00"
"000312","01 02","0x042","66","00","00","unchanged","copied from current OTMR","0x046","00"
"000312","01 02","0x043","67","00","00","unchanged","copied from current OTMR","0x047","00"
"000312","01 02","0x044","68","00","00","unchanged","copied from current OTMR","0x048","00"
"000312","01 02","0x045","69","00","00","unchanged","copied from current OTMR","0x049","00"
"000312","01 02","0x046","70","00","00","unchanged","copied from current OTMR","0x04A","00"
"000312","01 02","0x047","71","00","00","unchanged","copied from current OTMR","0x04B","00"
"000312","01 02","0x048","72","00","00","unchanged","copied from current OTMR","0x04C","00"
"000312","01 02","0x049","73","00","00","unchanged","copied from current OTMR","0x04D","00"
"000312","01 02","0x04A","74","00","00","unchanged","copied from current OTMR","0x04E","00"
"000312","01 02","0x04B","75","00","00","unchanged","copied from current OTMR","0x04F","00"
"000312","01 02","0x04C","76","00","00","unchanged","copied from current OTMR","0x050","00"
"000312","01 02","0x04D","77","00","00","unchanged","copied from current OTMR","0x051","00"
"000312","01 02","0x04E","78","00","00","unchanged","copied from current OTMR","0x052","00"
"000312","01 02","0x04F","79","00","00","unchanged","copied from current OTMR","0x053","00"
"000312","01 02","0x050","80","00","00","unchanged","copied from current OTMR","0x054","00"
"000312","01 02","0x051","81","00","00","unchanged","copied from current OTMR","0x055","00"
"000312","01 02","0x052","82","00","00","unchanged","copied from current OTMR","0x056","00"
"000312","01 02","0x053","83","00","05","changed","copied from current OTMR","0x057","05"
"000312","01 02","0x054","84","00","96","changed","copied from current OTMR","0x058","96"
"000312","01 02","0x055","85","00","16","changed","copied from current OTMR","0x059","16"
"000312","01 02","0x056","86","00","16","changed","copied from current OTMR","0x05A","16"
"000312","01 02","0x057","87","05","16","changed","copied from current OTMR","0x05B","16"
"000312","01 02","0x058","88","96","96","unchanged","copied from current OTMR","0x05C","96"
"000312","01 02","0x059","89","16","00","changed","copied from current OTMR","0x05D","00"
"000312","01 02","0x05A","90","16","00","changed","copied from current OTMR","0x05E","00"
"000312","01 02","0x05B","91","16","00","changed","copied from current OTMR","0x05F","00"
"000312","01 02","0x05C","92","96","00","changed","copied from current OTMR","0x060","00"
"000312","01 02","0x05D","93","00","04","changed","copied from current OTMR","0x061","04"
"000312","01 02","0x05E","94","00","42","changed","copied from current OTMR","0x062","42"
"000312","01 02","0x05F","95","00","12","changed","copied from current OTMR","0x063","12"
"000312","01 02","0x060","96","00","00","unchanged","copied from current OTMR","0x064","00"
"000312","01 02","0x061","97","04","00","changed","copied from current OTMR","0x065","00"
"000312","01 02","0x062","98","42","00","changed","copied from current OTMR","0x066","00"
"000312","01 02","0x063","99","12","00","changed","copied from current OTMR","0x067","00"
"000312","01 02","0x064","100","00","00","unchanged","copied from current OTMR","0x068","00"
"000312","01 02","0x065","101","00","00","unchanged","copied from current OTMR","0x069","00"
"000312","01 02","0x066","102","00","00","unchanged","copied from current OTMR","0x06A","00"
"000312","01 02","0x067","103","00","00","unchanged","copied from current OTMR","0x06B","00"
"000312","01 02","0x068","104","00","00","unchanged","copied from current OTMR","0x06C","00"
"000312","01 02","0x069","105","00","00","unchanged","copied from current OTMR","0x06D","00"
"000312","01 02","0x06A","106","00","00","unchanged","copied from current OTMR","0x06E","00"
"000312","01 02","0x06B","107","00","00","unchanged","copied from current OTMR","0x06F","00"
"000312","01 02","0x06C","108","00","00","unchanged","copied from current OTMR","0x070","00"
"000312","01 02","0x06D","109","00","00","unchanged","copied from current OTMR","0x071","00"
"000312","01 02","0x06E","110","00","00","unchanged","copied from current OTMR","0x072","00"
"000312","01 02","0x06F","111","00","00","unchanged","copied from current OTMR","0x073","00"
"000312","01 02","0x070","112","00","00","unchanged","copied from current OTMR","0x074","00"
"000312","01 02","0x071","113","00","00","unchanged","copied from current OTMR","0x075","00"
"000312","01 02","0x072","114","00","00","unchanged","copied from current OTMR","0x076","00"
"000312","01 02","0x073","115","00","00","unchanged","copied from current OTMR","0x077","00"
"000312","01 02","0x074","116","00","00","unchanged","copied from current OTMR","0x078","00"
"000312","01 02","0x075","117","00","00","unchanged","copied from current OTMR","0x079","00"
"000312","01 02","0x076","118","00","00","unchanged","copied from current OTMR","0x07A","00"
"000312","01 02","0x077","119","00","00","unchanged","copied from current OTMR","0x07B","00"
"000312","01 02","0x078","120","00","00","unchanged","copied from current OTMR","0x07C","00"
"000312","01 02","0x079","121","00","00","unchanged","copied from current OTMR","0x07D","00"
"000312","01 02","0x07A","122","00","00","unchanged","copied from current OTMR","0x07E","00"
"000312","01 02","0x07B","123","00","00","unchanged","copied from current OTMR","0x07F","00"
"000312","01 02","0x07C","124","00","00","unchanged","copied from current OTMR","0x080","00"
"000312","01 02","0x07D","125","00","00","unchanged","copied from current OTMR","0x081","00"
"000312","01 02","0x07E","126","00","00","unchanged","copied from current OTMR","0x082","00"
"000312","01 02","0x07F","127","00","00","unchanged","copied from current OTMR","0x083","00"
"000312","01 02","0x080","128","00","00","unchanged","copied from current OTMR","0x084","00"
"000312","01 02","0x081","129","00","00","unchanged","copied from current OTMR","0x085","00"
"000312","01 02","0x082","130","00","00","unchanged","copied from current OTMR","0x086","00"
"000312","01 02","0x083","131","00","00","unchanged","copied from current OTMR","0x087","00"
"000312","01 02","0x084","132","00","00","unchanged","copied from current OTMR","0x088","00"
"000312","01 02","0x085","133","00","00","unchanged","copied from current OTMR","0x089","00"
"000312","01 02","0x086","134","00","03","changed","copied from current OTMR","0x08A","03"
"000312","01 02","0x087","135","00","34","changed","copied from current OTMR","0x08B","34"
"000312","01 02","0x088","136","00","03","changed","copied from current OTMR","0x08C","03"
"000312","01 02","0x089","137","00","34","changed","copied from current OTMR","0x08D","34"
"000312","01 02","0x08A","138","03","28","changed","copied from current OTMR","0x08E","28"
"000312","01 02","0x08B","139","34","FA","changed","modified from current OTMR","0x08F","04"
"000312","01 02","0x08C","140","03","00","changed","copied from current OTMR","0x090","00"
"000312","01 02","0x08D","141","34","00","changed","copied from current OTMR","0x091","00"
"000312","01 02","0x08E","142","28","00","changed","copied from current OTMR","0x092","00"
"000312","01 02","0x08F","143","04","00","changed","copied from current OTMR","0x093","00"
"000312","01 02","0x090","144","00","00","unchanged","copied from current OTMR","0x094","00"
"000312","01 02","0x091","145","00","00","unchanged","copied from current OTMR","0x095","00"
"000312","01 02","0x092","146","00","00","unchanged","copied from current OTMR","0x096","00"
"000312","01 02","0x093","147","00","00","unchanged","copied from current OTMR","0x097","00"
"000312","01 02","0x094","148","00","00","unchanged","copied from current OTMR","0x098","00"
"000312","01 02","0x095","149","00","00","unchanged","copied from current OTMR","0x099","00"
"000312","01 02","0x096","150","00","00","unchanged","copied from current OTMR","0x09A","00"
"000312","01 02","0x097","151","00","00","unchanged","copied from current OTMR","0x09B","00"
"000312","01 02","0x098","152","00","00","unchanged","copied from current OTMR","0x09C","00"
"000312","01 02","0x099","153","00","00","unchanged","copied from current OTMR","0x09D","00"
"000312","01 02","0x09A","154","00","00","unchanged","copied from current OTMR","0x09E","00"
"000312","01 02","0x09B","155","00","00","unchanged","copied from current OTMR","0x09F","00"
"000312","01 02","0x09C","156","00","00","unchanged","copied from current OTMR","0x0A0","00"
"000312","01 02","0x09D","157","00","00","unchanged","copied from current OTMR","0x0A1","00"
"000312","01 02","0x09E","158","00","00","unchanged","copied from current OTMR","0x0A2","00"
"000312","01 02","0x09F","159","00","00","unchanged","copied from current OTMR","0x0A3","00"
"000312","01 02","0x0A0","160","00","00","unchanged","copied from current OTMR","0x0A4","00"
"000312","01 02","0x0A1","161","00","00","unchanged","copied from current OTMR","0x0A5","00"
"000312","01 02","0x0A2","162","00","20","changed","copied from current OTMR","0x0A6","20"
"000312","01 02","0x0A3","163","00","00","unchanged","copied from current OTMR","0x0A7","00"
"000312","01 02","0x0A4","164","00","00","unchanged","copied from current OTMR","0x0A8","00"
"000312","01 02","0x0A5","165","00","00","unchanged","copied from current OTMR","0x0A9","00"
"000312","01 02","0x0A6","166","20","00","changed","copied from current OTMR","0x0AA","00"
"000312","01 02","0x0A7","167","00","00","unchanged","copied from current OTMR","0x0AB","00"
"000312","01 02","0x0A8","168","00","00","unchanged","copied from current OTMR","0x0AC","00"
"000312","01 02","0x0A9","169","00","40","changed","copied from current OTMR","0x0AD","40"
"000312","01 02","0x0AA","170","00","1F","changed","copied from current OTMR","0x0AE","1F"
"000312","01 02","0x0AB","171","00","00","unchanged","copied from current OTMR","0x0AF","00"
"000312","01 02","0x0AC","172","00","00","unchanged","copied from current OTMR","0x0B0","00"
"000312","01 02","0x0AD","173","40","00","changed","copied from current OTMR","0x0B1","00"
"000312","01 02","0x0AE","174","1F","30","changed","copied from current OTMR","0x0B2","30"
"000312","01 02","0x0AF","175","00","30","changed","copied from current OTMR","0x0B3","30"
"000312","01 02","0x0B0","176","00","00","unchanged","copied from current OTMR","0x0B4","00"
"000312","01 02","0x0B1","177","00","00","unchanged","copied from current OTMR","0x0B5","00"
"000312","01 02","0x0B2","178","30","00","changed","copied from current OTMR","0x0B6","00"
"000312","01 02","0x0B3","179","30","00","changed","copied from current OTMR","0x0B7","00"
"000312","01 02","0x0B4","180","00","80","changed","copied from current OTMR","0x0B8","80"
"000312","01 02","0x0B5","181","00","00","unchanged","copied from current OTMR","0x0B9","00"
"000312","01 02","0x0B6","182","00","14","changed","copied from current OTMR","0x0BA","14"
"000312","01 02","0x0B7","183","00","78","changed","copied from current OTMR","0x0BB","78"
"000312","01 02","0x0B8","184","80","02","changed","copied from current OTMR","0x0BC","02"
"000312","01 02","0x0B9","185","00","00","unchanged","copied from current OTMR","0x0BD","00"
"000312","01 02","0x0BA","186","14","64","changed","copied from current OTMR","0x0BE","64"
"000312","01 02","0x0BB","187","78","07","changed","copied from current OTMR","0x0BF","07"
"000312","01 02","0x0BC","188","02","08","changed","copied from current OTMR","0x0C0","08"
"000312","01 02","0x0BD","189","00","03","changed","modified from current OTMR","0x0C1","00"
"000312","01 02","0x0BE","190","64","05","changed","copied from current OTMR","0x0C2","05"
"000312","01 02","0x0BF","191","07","00","changed","copied from current OTMR","0x0C3","00"
"000312","01 02","0x0C0","192","08","00","changed","copied from current OTMR","0x0C4","00"
"000312","01 02","0x0C1","193","00","00","unchanged","copied from current OTMR","0x0C5","00"
"000312","01 02","0x0C2","194","05","00","changed","copied from current OTMR","0x0C6","00"
"000312","01 02","0x0C3","195","00","00","unchanged","copied from current OTMR","0x0C7","00"
"000312","01 02","0x0C4","196","00","00","unchanged","copied from current OTMR","0x0C8","00"
"000312","01 02","0x0C5","197","00","00","unchanged","copied from current OTMR","0x0C9","00"
"000312","01 02","0x0C6","198","00","00","unchanged","copied from current OTMR","0x0CA","00"
"000312","01 02","0x0C7","199","00","00","unchanged","copied from current OTMR","0x0CB","00"
"000312","01 02","0x0C8","200","00","00","unchanged","copied from current OTMR","0x0CC","00"
"000312","01 02","0x0C9","201","00","00","unchanged","copied from current OTMR","0x0CD","00"
"000312","01 02","0x0CA","202","00","00","unchanged","copied from current OTMR","0x0CE","00"
"000312","01 02","0x0CB","203","00","00","unchanged","copied from current OTMR","0x0CF","00"
"000312","01 02","0x0CC","204","00","00","unchanged","copied from current OTMR","0x0D0","00"
"000312","01 02","0x0CD","205","00","00","unchanged","copied from current OTMR","0x0D1","00"
"000312","01 02","0x0CE","206","00","00","unchanged","copied from current OTMR","0x0D2","00"
"000312","01 02","0x0CF","207","00","00","unchanged","copied from current OTMR","0x0D3","00"
"000312","01 02","0x0D0","208","00","00","unchanged","copied from current OTMR","0x0D4","00"
"000312","01 02","0x0D1","209","00","00","unchanged","copied from current OTMR","0x0D5","00"
"000312","01 02","0x0D2","210","00","00","unchanged","copied from current OTMR","0x0D6","00"
"000312","01 02","0x0D3","211","00","00","unchanged","copied from current OTMR","0x0D7","00"
"000312","01 02","0x0D4","212","00","00","unchanged","copied from current OTMR","0x0D8","00"
"000312","01 02","0x0D5","213","00","00","unchanged","copied from current OTMR","0x0D9","00"
"000312","01 02","0x0D6","214","00","00","unchanged","copied from current OTMR","0x0DA","00"
"000312","01 02","0x0D7","215","00","00","unchanged","copied from current OTMR","0x0DB","00"
"000312","01 02","0x0D8","216","00","00","unchanged","copied from current OTMR","0x0DC","00"
"000312","01 02","0x0D9","217","00","00","unchanged","copied from current OTMR","0x0DD","00"
"000312","01 02","0x0DA","218","00","00","unchanged","copied from current OTMR","0x0DE","00"
"000312","01 02","0x0DB","219","00","00","unchanged","copied from current OTMR","0x0DF","00"
"000312","01 02","0x0DC","220","00","00","unchanged","copied from current OTMR","0x0E0","00"
"000312","01 02","0x0DD","221","00","00","unchanged","copied from current OTMR","0x0E1","00"
"000312","01 02","0x0DE","222","00","00","unchanged","copied from current OTMR","0x0E2","00"
"000312","01 02","0x0DF","223","00","00","unchanged","copied from current OTMR","0x0E3","00"
"000312","01 02","0x0E0","224","00","00","unchanged","copied from current OTMR","0x0E4","00"
"000312","01 02","0x0E1","225","00","00","unchanged","copied from current OTMR","0x0E5","00"
"000312","01 02","0x0E2","226","00","00","unchanged","copied from current OTMR","0x0E6","00"
"000312","01 02","0x0E3","227","00","00","unchanged","copied from current OTMR","0x0E7","00"
"000312","01 02","0x0E4","228","00","00","unchanged","copied from current OTMR","0x0E8","00"
"000312","01 02","0x0E5","229","00","00","unchanged","copied from current OTMR","0x0E9","00"
"000312","01 02","0x0E6","230","00","00","unchanged","copied from current OTMR","0x0EA","00"
"000312","01 02","0x0E7","231","00","00","unchanged","copied from current OTMR","0x0EB","00"
"000312","01 02","0x0E8","232","00","00","unchanged","copied from current OTMR","0x0EC","00"
"000312","01 02","0x0E9","233","00","00","unchanged","copied from current OTMR","0x0ED","00"
"000312","01 02","0x0EA","234","00","00","unchanged","copied from current OTMR","0x0EE","00"
"000312","01 02","0x0EB","235","00","00","unchanged","copied from current OTMR","0x0EF","00"
"000312","01 02","0x0EC","236","00","00","unchanged","copied from current OTMR","0x0F0","00"
"000312","01 02","0x0ED","237","00","00","unchanged","copied from current OTMR","0x0F1","00"
"000312","01 02","0x0EE","238","00","00","unchanged","copied from current OTMR","0x0F2","00"
"000312","01 02","0x0EF","239","00","00","unchanged","copied from current OTMR","0x0F3","00"
"000312","01 02","0x0F0","240","00","00","unchanged","copied from current OTMR","0x0F4","00"
"000312","01 02","0x0F1","241","00","00","unchanged","copied from current OTMR","0x0F5","00"
"000312","01 02","0x0F2","242","00","00","unchanged","copied from current OTMR","0x0F6","00"
"000312","01 02","0x0F3","243","00","00","unchanged","copied from current OTMR","0x0F7","00"
"000312","01 02","0x0F4","244","00","00","unchanged","copied from current OTMR","0x0F8","00"
"000312","01 02","0x0F5","245","00","00","unchanged","copied from current OTMR","0x0F9","00"
"000312","01 02","0x0F6","246","00","00","unchanged","copied from current OTMR","0x0FA","00"
"000312","01 02","0x0F7","247","00","00","unchanged","copied from current OTMR","0x0FB","00"
"000312","01 02","0x0F8","248","00","00","unchanged","copied from current OTMR","0x0FC","00"
"000312","01 02","0x0F9","249","00","00","unchanged","copied from current OTMR","0x0FD","00"
"000312","01 02","0x0FA","250","00","00","unchanged","copied from current OTMR","0x0FE","00"
"000312","01 02","0x0FB","251","00","00","unchanged","copied from current OTMR","0x0FF","00"
"000312","01 02","0x0FC","252","00","00","unchanged","copied from current OTMR","0x100","00"
"000312","01 02","0x0FD","253","00","00","unchanged","copied from current OTMR","0x101","00"
"000312","01 02","0x0FE","254","00","00","unchanged","copied from current OTMR","0x102","00"
"000312","01 02","0x0FF","255","00","00","unchanged","copied from current OTMR","0x103","00"
"000312","01 02","0x100","256","00","00","unchanged","copied from current OTMR","0x104","00"
"000312","01 02","0x101","257","00","00","unchanged","copied from current OTMR","0x105","00"
"000312","01 02","0x102","258","00","00","unchanged","copied from current OTMR","0x106","00"
"000312","01 02","0x103","259","00","00","unchanged","copied from current OTMR","0x107","00"
"000312","01 02","0x104","260","00","00","unchanged","unknown","",""
"000312","01 02","0x105","261","00","00","unchanged","unknown","",""
"000312","01 02","0x106","262","00","00","unchanged","unknown","",""
"000312","01 02","0x107","263","00","00","unchanged","unknown","",""
"000312","01 02","0x108","264","03","03","unchanged","protocol framing","",""
"000312","01 02","0x109","265","5E","8E","changed","checksum/CRC","",""
"000312","01 02","0x10A","266","04","04","unchanged","protocol framing","",""
"000335","01 04","0x000","0","01","01","unchanged","protocol framing","",""
"000335","01 04","0x001","1","04","02","changed","command/index","0x003","02"
"000335","01 04","0x002","2","00","00","unchanged","constant proven by multiple messages","",""
"000335","01 04","0x003","3","02","02","unchanged","command/index","0x003","02"
"000335","01 04","0x004","4","00","00","unchanged","copied from current OTMR","0x004","00"
"000335","01 04","0x005","5","01","01","unchanged","copied from current OTMR","0x005","01"
"000335","01 04","0x006","6","01","01","unchanged","copied from current OTMR","0x006","01"
"000335","01 04","0x007","7","FF","FF","unchanged","length","0x007","FF"
"000335","01 04","0x008","8","02","02","unchanged","protocol framing","",""
"000335","01 04","0x009","9","00","00","unchanged","copied from current OTMR","0x009","00"
"000335","01 04","0x00A","10","00","00","unchanged","copied from current OTMR","0x00A","00"
"000335","01 04","0x00B","11","00","00","unchanged","copied from current OTMR","0x00B","00"
"000335","01 04","0x00C","12","00","00","unchanged","copied from current OTMR","0x00C","00"
"000335","01 04","0x00D","13","00","00","unchanged","copied from current OTMR","0x00D","00"
"000335","01 04","0x00E","14","00","00","unchanged","copied from current OTMR","0x00E","00"
"000335","01 04","0x00F","15","00","00","unchanged","copied from current OTMR","0x00F","00"
"000335","01 04","0x010","16","00","00","unchanged","copied from current OTMR","0x010","00"
"000335","01 04","0x011","17","00","00","unchanged","copied from current OTMR","0x011","00"
"000335","01 04","0x012","18","00","00","unchanged","copied from current OTMR","0x012","00"
"000335","01 04","0x013","19","00","00","unchanged","copied from current OTMR","0x013","00"
"000335","01 04","0x014","20","00","00","unchanged","copied from current OTMR","0x014","00"
"000335","01 04","0x015","21","00","00","unchanged","copied from current OTMR","0x015","00"
"000335","01 04","0x016","22","00","00","unchanged","copied from current OTMR","0x016","00"
"000335","01 04","0x017","23","00","00","unchanged","copied from current OTMR","0x017","00"
"000335","01 04","0x018","24","00","00","unchanged","copied from current OTMR","0x018","00"
"000335","01 04","0x019","25","00","00","unchanged","copied from current OTMR","0x019","00"
"000335","01 04","0x01A","26","00","00","unchanged","copied from current OTMR","0x01A","00"
"000335","01 04","0x01B","27","00","00","unchanged","copied from current OTMR","0x01B","00"
"000335","01 04","0x01C","28","00","00","unchanged","copied from current OTMR","0x01C","00"
"000335","01 04","0x01D","29","00","00","unchanged","copied from current OTMR","0x01D","00"
"000335","01 04","0x01E","30","00","00","unchanged","copied from current OTMR","0x01E","00"
"000335","01 04","0x01F","31","00","00","unchanged","copied from current OTMR","0x01F","00"
"000335","01 04","0x020","32","00","00","unchanged","copied from current OTMR","0x020","00"
"000335","01 04","0x021","33","00","00","unchanged","copied from current OTMR","0x021","00"
"000335","01 04","0x022","34","00","00","unchanged","copied from current OTMR","0x022","00"
"000335","01 04","0x023","35","00","00","unchanged","copied from current OTMR","0x023","00"
"000335","01 04","0x024","36","00","00","unchanged","copied from current OTMR","0x024","00"
"000335","01 04","0x025","37","00","00","unchanged","copied from current OTMR","0x025","00"
"000335","01 04","0x026","38","00","00","unchanged","copied from current OTMR","0x026","00"
"000335","01 04","0x027","39","00","00","unchanged","copied from current OTMR","0x027","00"
"000335","01 04","0x028","40","00","00","unchanged","copied from current OTMR","0x028","00"
"000335","01 04","0x029","41","00","00","unchanged","copied from current OTMR","0x029","00"
"000335","01 04","0x02A","42","00","00","unchanged","copied from current OTMR","0x02A","00"
"000335","01 04","0x02B","43","00","00","unchanged","copied from current OTMR","0x02B","00"
"000335","01 04","0x02C","44","00","00","unchanged","copied from current OTMR","0x02C","00"
"000335","01 04","0x02D","45","00","00","unchanged","copied from current OTMR","0x02D","00"
"000335","01 04","0x02E","46","00","00","unchanged","copied from current OTMR","0x02E","00"
"000335","01 04","0x02F","47","00","00","unchanged","copied from current OTMR","0x02F","00"
"000335","01 04","0x030","48","00","00","unchanged","copied from current OTMR","0x030","00"
"000335","01 04","0x031","49","00","00","unchanged","copied from current OTMR","0x031","00"
"000335","01 04","0x032","50","00","00","unchanged","copied from current OTMR","0x032","00"
"000335","01 04","0x033","51","00","00","unchanged","copied from current OTMR","0x033","00"
"000335","01 04","0x034","52","00","00","unchanged","copied from current OTMR","0x034","00"
"000335","01 04","0x035","53","00","00","unchanged","copied from current OTMR","0x035","00"
"000335","01 04","0x036","54","00","00","unchanged","copied from current OTMR","0x036","00"
"000335","01 04","0x037","55","00","00","unchanged","copied from current OTMR","0x037","00"
"000335","01 04","0x038","56","00","00","unchanged","copied from current OTMR","0x038","00"
"000335","01 04","0x039","57","00","00","unchanged","copied from current OTMR","0x039","00"
"000335","01 04","0x03A","58","00","00","unchanged","copied from current OTMR","0x03A","00"
"000335","01 04","0x03B","59","00","00","unchanged","copied from current OTMR","0x03B","00"
"000335","01 04","0x03C","60","00","00","unchanged","copied from current OTMR","0x03C","00"
"000335","01 04","0x03D","61","00","00","unchanged","copied from current OTMR","0x03D","00"
"000335","01 04","0x03E","62","00","00","unchanged","copied from current OTMR","0x03E","00"
"000335","01 04","0x03F","63","00","00","unchanged","copied from current OTMR","0x03F","00"
"000335","01 04","0x040","64","00","00","unchanged","copied from current OTMR","0x040","00"
"000335","01 04","0x041","65","00","00","unchanged","copied from current OTMR","0x041","00"
"000335","01 04","0x042","66","00","00","unchanged","copied from current OTMR","0x042","00"
"000335","01 04","0x043","67","00","00","unchanged","copied from current OTMR","0x043","00"
"000335","01 04","0x044","68","00","00","unchanged","copied from current OTMR","0x044","00"
"000335","01 04","0x045","69","00","00","unchanged","copied from current OTMR","0x045","00"
"000335","01 04","0x046","70","00","00","unchanged","copied from current OTMR","0x046","00"
"000335","01 04","0x047","71","00","00","unchanged","copied from current OTMR","0x047","00"
"000335","01 04","0x048","72","00","00","unchanged","copied from current OTMR","0x048","00"
"000335","01 04","0x049","73","00","00","unchanged","copied from current OTMR","0x049","00"
"000335","01 04","0x04A","74","00","00","unchanged","copied from current OTMR","0x04A","00"
"000335","01 04","0x04B","75","00","00","unchanged","copied from current OTMR","0x04B","00"
"000335","01 04","0x04C","76","00","04","changed","copied from current OTMR","0x050","04"
"000335","01 04","0x04D","77","00","06","changed","copied from current OTMR","0x051","06"
"000335","01 04","0x04E","78","00","00","unchanged","copied from current OTMR","0x052","00"
"000335","01 04","0x04F","79","00","00","unchanged","copied from current OTMR","0x053","00"
"000335","01 04","0x050","80","04","00","changed","copied from current OTMR","0x054","00"
"000335","01 04","0x051","81","06","00","changed","copied from current OTMR","0x055","00"
"000335","01 04","0x052","82","00","00","unchanged","copied from current OTMR","0x056","00"
"000335","01 04","0x053","83","00","00","unchanged","copied from current OTMR","0x057","00"
"000335","01 04","0x054","84","00","00","unchanged","copied from current OTMR","0x058","00"
"000335","01 04","0x055","85","00","00","unchanged","copied from current OTMR","0x059","00"
"000335","01 04","0x056","86","00","00","unchanged","copied from current OTMR","0x05A","00"
"000335","01 04","0x057","87","00","00","unchanged","copied from current OTMR","0x05B","00"
"000335","01 04","0x058","88","00","00","unchanged","copied from current OTMR","0x05C","00"
"000335","01 04","0x059","89","00","00","unchanged","copied from current OTMR","0x05D","00"
"000335","01 04","0x05A","90","00","00","unchanged","copied from current OTMR","0x05E","00"
"000335","01 04","0x05B","91","00","00","unchanged","copied from current OTMR","0x05F","00"
"000335","01 04","0x05C","92","00","00","unchanged","copied from current OTMR","0x060","00"
"000335","01 04","0x05D","93","00","00","unchanged","copied from current OTMR","0x061","00"
"000335","01 04","0x05E","94","00","00","unchanged","copied from current OTMR","0x062","00"
"000335","01 04","0x05F","95","00","00","unchanged","copied from current OTMR","0x063","00"
"000335","01 04","0x060","96","00","00","unchanged","copied from current OTMR","0x064","00"
"000335","01 04","0x061","97","00","00","unchanged","copied from current OTMR","0x065","00"
"000335","01 04","0x062","98","00","00","unchanged","copied from current OTMR","0x066","00"
"000335","01 04","0x063","99","00","00","unchanged","copied from current OTMR","0x067","00"
"000335","01 04","0x064","100","00","00","unchanged","copied from current OTMR","0x068","00"
"000335","01 04","0x065","101","00","00","unchanged","copied from current OTMR","0x069","00"
"000335","01 04","0x066","102","00","00","unchanged","copied from current OTMR","0x06A","00"
"000335","01 04","0x067","103","00","00","unchanged","copied from current OTMR","0x06B","00"
"000335","01 04","0x068","104","00","00","unchanged","copied from current OTMR","0x06C","00"
"000335","01 04","0x069","105","00","00","unchanged","copied from current OTMR","0x06D","00"
"000335","01 04","0x06A","106","00","00","unchanged","copied from current OTMR","0x06E","00"
"000335","01 04","0x06B","107","00","00","unchanged","copied from current OTMR","0x06F","00"
"000335","01 04","0x06C","108","00","00","unchanged","copied from current OTMR","0x070","00"
"000335","01 04","0x06D","109","00","00","unchanged","copied from current OTMR","0x071","00"
"000335","01 04","0x06E","110","00","00","unchanged","copied from current OTMR","0x072","00"
"000335","01 04","0x06F","111","00","00","unchanged","copied from current OTMR","0x073","00"
"000335","01 04","0x070","112","00","00","unchanged","copied from current OTMR","0x074","00"
"000335","01 04","0x071","113","00","00","unchanged","copied from current OTMR","0x075","00"
"000335","01 04","0x072","114","00","00","unchanged","copied from current OTMR","0x076","00"
"000335","01 04","0x073","115","00","00","unchanged","copied from current OTMR","0x077","00"
"000335","01 04","0x074","116","00","00","unchanged","copied from current OTMR","0x078","00"
"000335","01 04","0x075","117","00","00","unchanged","copied from current OTMR","0x079","00"
"000335","01 04","0x076","118","00","00","unchanged","copied from current OTMR","0x07A","00"
"000335","01 04","0x077","119","00","03","changed","copied from current OTMR","0x07B","03"
"000335","01 04","0x078","120","00","02","changed","copied from current OTMR","0x07C","02"
"000335","01 04","0x079","121","00","00","unchanged","copied from current OTMR","0x07D","00"
"000335","01 04","0x07A","122","00","00","unchanged","copied from current OTMR","0x07E","00"
"000335","01 04","0x07B","123","03","00","changed","copied from current OTMR","0x07F","00"
"000335","01 04","0x07C","124","02","00","changed","copied from current OTMR","0x080","00"
"000335","01 04","0x07D","125","00","00","unchanged","copied from current OTMR","0x081","00"
"000335","01 04","0x07E","126","00","00","unchanged","copied from current OTMR","0x082","00"
"000335","01 04","0x07F","127","00","03","changed","copied from current OTMR","0x083","03"
"000335","01 04","0x080","128","00","02","changed","copied from current OTMR","0x084","02"
"000335","01 04","0x081","129","00","00","unchanged","copied from current OTMR","0x085","00"
"000335","01 04","0x082","130","00","00","unchanged","copied from current OTMR","0x086","00"
"000335","01 04","0x083","131","03","00","changed","copied from current OTMR","0x087","00"
"000335","01 04","0x084","132","02","00","changed","copied from current OTMR","0x088","00"
"000335","01 04","0x085","133","00","00","unchanged","copied from current OTMR","0x089","00"
"000335","01 04","0x086","134","00","00","unchanged","copied from current OTMR","0x08A","00"
"000335","01 04","0x087","135","00","03","changed","copied from current OTMR","0x08B","03"
"000335","01 04","0x088","136","00","02","changed","copied from current OTMR","0x08C","02"
"000335","01 04","0x089","137","00","00","unchanged","copied from current OTMR","0x08D","00"
"000335","01 04","0x08A","138","00","00","unchanged","copied from current OTMR","0x08E","00"
"000335","01 04","0x08B","139","03","00","changed","copied from current OTMR","0x08F","00"
"000335","01 04","0x08C","140","02","00","changed","copied from current OTMR","0x090","00"
"000335","01 04","0x08D","141","00","00","unchanged","copied from current OTMR","0x091","00"
"000335","01 04","0x08E","142","00","00","unchanged","copied from current OTMR","0x092","00"
"000335","01 04","0x08F","143","00","03","changed","copied from current OTMR","0x093","03"
"000335","01 04","0x090","144","00","02","changed","copied from current OTMR","0x094","02"
"000335","01 04","0x091","145","00","00","unchanged","copied from current OTMR","0x095","00"
"000335","01 04","0x092","146","00","00","unchanged","copied from current OTMR","0x096","00"
"000335","01 04","0x093","147","03","00","changed","copied from current OTMR","0x097","00"
"000335","01 04","0x094","148","02","00","changed","copied from current OTMR","0x098","00"
"000335","01 04","0x095","149","00","00","unchanged","copied from current OTMR","0x099","00"
"000335","01 04","0x096","150","00","00","unchanged","copied from current OTMR","0x09A","00"
"000335","01 04","0x097","151","00","03","changed","copied from current OTMR","0x09B","03"
"000335","01 04","0x098","152","00","02","changed","copied from current OTMR","0x09C","02"
"000335","01 04","0x099","153","00","00","unchanged","copied from current OTMR","0x09D","00"
"000335","01 04","0x09A","154","00","00","unchanged","copied from current OTMR","0x09E","00"
"000335","01 04","0x09B","155","03","00","changed","copied from current OTMR","0x09F","00"
"000335","01 04","0x09C","156","02","00","changed","copied from current OTMR","0x0A0","00"
"000335","01 04","0x09D","157","00","00","unchanged","copied from current OTMR","0x0A1","00"
"000335","01 04","0x09E","158","00","00","unchanged","copied from current OTMR","0x0A2","00"
"000335","01 04","0x09F","159","00","03","changed","copied from current OTMR","0x0A3","03"
"000335","01 04","0x0A0","160","00","02","changed","copied from current OTMR","0x0A4","02"
"000335","01 04","0x0A1","161","00","00","unchanged","copied from current OTMR","0x0A5","00"
"000335","01 04","0x0A2","162","00","00","unchanged","copied from current OTMR","0x0A6","00"
"000335","01 04","0x0A3","163","03","00","changed","copied from current OTMR","0x0A7","00"
"000335","01 04","0x0A4","164","02","00","changed","copied from current OTMR","0x0A8","00"
"000335","01 04","0x0A5","165","00","00","unchanged","copied from current OTMR","0x0A9","00"
"000335","01 04","0x0A6","166","00","00","unchanged","copied from current OTMR","0x0AA","00"
"000335","01 04","0x0A7","167","00","03","changed","copied from current OTMR","0x0AB","03"
"000335","01 04","0x0A8","168","00","02","changed","copied from current OTMR","0x0AC","02"
"000335","01 04","0x0A9","169","00","00","unchanged","copied from current OTMR","0x0AD","00"
"000335","01 04","0x0AA","170","00","00","unchanged","copied from current OTMR","0x0AE","00"
"000335","01 04","0x0AB","171","03","00","changed","copied from current OTMR","0x0AF","00"
"000335","01 04","0x0AC","172","02","00","changed","copied from current OTMR","0x0B0","00"
"000335","01 04","0x0AD","173","00","00","unchanged","copied from current OTMR","0x0B1","00"
"000335","01 04","0x0AE","174","00","00","unchanged","copied from current OTMR","0x0B2","00"
"000335","01 04","0x0AF","175","00","03","changed","copied from current OTMR","0x0B3","03"
"000335","01 04","0x0B0","176","00","02","changed","copied from current OTMR","0x0B4","02"
"000335","01 04","0x0B1","177","00","00","unchanged","copied from current OTMR","0x0B5","00"
"000335","01 04","0x0B2","178","00","00","unchanged","copied from current OTMR","0x0B6","00"
"000335","01 04","0x0B3","179","03","00","changed","copied from current OTMR","0x0B7","00"
"000335","01 04","0x0B4","180","02","00","changed","copied from current OTMR","0x0B8","00"
"000335","01 04","0x0B5","181","00","00","unchanged","copied from current OTMR","0x0B9","00"
"000335","01 04","0x0B6","182","00","00","unchanged","copied from current OTMR","0x0BA","00"
"000335","01 04","0x0B7","183","00","03","changed","copied from current OTMR","0x0BB","03"
"000335","01 04","0x0B8","184","00","02","changed","copied from current OTMR","0x0BC","02"
"000335","01 04","0x0B9","185","00","00","unchanged","copied from current OTMR","0x0BD","00"
"000335","01 04","0x0BA","186","00","00","unchanged","copied from current OTMR","0x0BE","00"
"000335","01 04","0x0BB","187","03","00","changed","copied from current OTMR","0x0BF","00"
"000335","01 04","0x0BC","188","02","00","changed","copied from current OTMR","0x0C0","00"
"000335","01 04","0x0BD","189","00","00","unchanged","copied from current OTMR","0x0C1","00"
"000335","01 04","0x0BE","190","00","00","unchanged","copied from current OTMR","0x0C2","00"
"000335","01 04","0x0BF","191","00","03","changed","copied from current OTMR","0x0C3","03"
"000335","01 04","0x0C0","192","00","02","changed","copied from current OTMR","0x0C4","02"
"000335","01 04","0x0C1","193","00","00","unchanged","copied from current OTMR","0x0C5","00"
"000335","01 04","0x0C2","194","00","00","unchanged","copied from current OTMR","0x0C6","00"
"000335","01 04","0x0C3","195","03","00","changed","copied from current OTMR","0x0C7","00"
"000335","01 04","0x0C4","196","02","00","changed","copied from current OTMR","0x0C8","00"
"000335","01 04","0x0C5","197","00","00","unchanged","copied from current OTMR","0x0C9","00"
"000335","01 04","0x0C6","198","00","00","unchanged","copied from current OTMR","0x0CA","00"
"000335","01 04","0x0C7","199","00","03","changed","copied from current OTMR","0x0CB","03"
"000335","01 04","0x0C8","200","00","02","changed","copied from current OTMR","0x0CC","02"
"000335","01 04","0x0C9","201","00","00","unchanged","copied from current OTMR","0x0CD","00"
"000335","01 04","0x0CA","202","00","00","unchanged","copied from current OTMR","0x0CE","00"
"000335","01 04","0x0CB","203","03","00","changed","copied from current OTMR","0x0CF","00"
"000335","01 04","0x0CC","204","02","00","changed","copied from current OTMR","0x0D0","00"
"000335","01 04","0x0CD","205","00","00","unchanged","copied from current OTMR","0x0D1","00"
"000335","01 04","0x0CE","206","00","00","unchanged","copied from current OTMR","0x0D2","00"
"000335","01 04","0x0CF","207","00","03","changed","copied from current OTMR","0x0D3","03"
"000335","01 04","0x0D0","208","00","02","changed","copied from current OTMR","0x0D4","02"
"000335","01 04","0x0D1","209","00","00","unchanged","copied from current OTMR","0x0D5","00"
"000335","01 04","0x0D2","210","00","00","unchanged","copied from current OTMR","0x0D6","00"
"000335","01 04","0x0D3","211","03","00","changed","copied from current OTMR","0x0D7","00"
"000335","01 04","0x0D4","212","02","00","changed","copied from current OTMR","0x0D8","00"
"000335","01 04","0x0D5","213","00","00","unchanged","copied from current OTMR","0x0D9","00"
"000335","01 04","0x0D6","214","00","00","unchanged","copied from current OTMR","0x0DA","00"
"000335","01 04","0x0D7","215","00","01","changed","copied from current OTMR","0x0DB","01"
"000335","01 04","0x0D8","216","00","06","changed","copied from current OTMR","0x0DC","06"
"000335","01 04","0x0D9","217","00","00","unchanged","copied from current OTMR","0x0DD","00"
"000335","01 04","0x0DA","218","00","00","unchanged","copied from current OTMR","0x0DE","00"
"000335","01 04","0x0DB","219","01","00","changed","copied from current OTMR","0x0DF","00"
"000335","01 04","0x0DC","220","06","00","changed","copied from current OTMR","0x0E0","00"
"000335","01 04","0x0DD","221","00","00","unchanged","copied from current OTMR","0x0E1","00"
"000335","01 04","0x0DE","222","00","00","unchanged","copied from current OTMR","0x0E2","00"
"000335","01 04","0x0DF","223","00","00","unchanged","copied from current OTMR","0x0E3","00"
"000335","01 04","0x0E0","224","00","00","unchanged","copied from current OTMR","0x0E4","00"
"000335","01 04","0x0E1","225","00","00","unchanged","copied from current OTMR","0x0E5","00"
"000335","01 04","0x0E2","226","00","00","unchanged","copied from current OTMR","0x0E6","00"
"000335","01 04","0x0E3","227","00","00","unchanged","copied from current OTMR","0x0E7","00"
"000335","01 04","0x0E4","228","00","00","unchanged","copied from current OTMR","0x0E8","00"
"000335","01 04","0x0E5","229","00","00","unchanged","copied from current OTMR","0x0E9","00"
"000335","01 04","0x0E6","230","00","00","unchanged","copied from current OTMR","0x0EA","00"
"000335","01 04","0x0E7","231","00","00","unchanged","copied from current OTMR","0x0EB","00"
"000335","01 04","0x0E8","232","00","00","unchanged","copied from current OTMR","0x0EC","00"
"000335","01 04","0x0E9","233","00","00","unchanged","copied from current OTMR","0x0ED","00"
"000335","01 04","0x0EA","234","00","00","unchanged","copied from current OTMR","0x0EE","00"
"000335","01 04","0x0EB","235","00","00","unchanged","copied from current OTMR","0x0EF","00"
"000335","01 04","0x0EC","236","00","00","unchanged","copied from current OTMR","0x0F0","00"
"000335","01 04","0x0ED","237","00","00","unchanged","copied from current OTMR","0x0F1","00"
"000335","01 04","0x0EE","238","00","00","unchanged","copied from current OTMR","0x0F2","00"
"000335","01 04","0x0EF","239","00","00","unchanged","copied from current OTMR","0x0F3","00"
"000335","01 04","0x0F0","240","00","00","unchanged","copied from current OTMR","0x0F4","00"
"000335","01 04","0x0F1","241","00","00","unchanged","copied from current OTMR","0x0F5","00"
"000335","01 04","0x0F2","242","00","00","unchanged","copied from current OTMR","0x0F6","00"
"000335","01 04","0x0F3","243","00","00","unchanged","copied from current OTMR","0x0F7","00"
"000335","01 04","0x0F4","244","00","00","unchanged","copied from current OTMR","0x0F8","00"
"000335","01 04","0x0F5","245","00","00","unchanged","copied from current OTMR","0x0F9","00"
"000335","01 04","0x0F6","246","00","00","unchanged","copied from current OTMR","0x0FA","00"
"000335","01 04","0x0F7","247","00","00","unchanged","copied from current OTMR","0x0FB","00"
"000335","01 04","0x0F8","248","00","00","unchanged","copied from current OTMR","0x0FC","00"
"000335","01 04","0x0F9","249","00","00","unchanged","copied from current OTMR","0x0FD","00"
"000335","01 04","0x0FA","250","00","00","unchanged","copied from current OTMR","0x0FE","00"
"000335","01 04","0x0FB","251","00","00","unchanged","copied from current OTMR","0x0FF","00"
"000335","01 04","0x0FC","252","00","00","unchanged","copied from current OTMR","0x100","00"
"000335","01 04","0x0FD","253","00","00","unchanged","copied from current OTMR","0x101","00"
"000335","01 04","0x0FE","254","00","00","unchanged","copied from current OTMR","0x102","00"
"000335","01 04","0x0FF","255","00","03","changed","copied from current OTMR","0x103","03"
"000335","01 04","0x100","256","00","02","changed","copied from current OTMR","0x104","02"
"000335","01 04","0x101","257","00","00","unchanged","copied from current OTMR","0x105","00"
"000335","01 04","0x102","258","00","00","unchanged","copied from current OTMR","0x106","00"
"000335","01 04","0x103","259","03","00","changed","copied from current OTMR","0x107","00"
"000335","01 04","0x104","260","02","00","changed","unknown","",""
"000335","01 04","0x105","261","00","00","unchanged","unknown","",""
"000335","01 04","0x106","262","00","00","unchanged","unknown","",""
"000335","01 04","0x107","263","00","03","changed","unknown","",""
"000335","01 04","0x108","264","03","03","unchanged","protocol framing","",""
"000335","01 04","0x109","265","52","55","changed","checksum/CRC","",""
"000335","01 04","0x10A","266","04","04","unchanged","protocol framing","",""
"000357","01 06","0x000","0","01","01","unchanged","protocol framing","",""
"000357","01 06","0x001","1","06","03","changed","command/index","0x003","03"
"000357","01 06","0x002","2","00","00","unchanged","constant proven by multiple messages","",""
"000357","01 06","0x003","3","03","03","unchanged","command/index","0x003","03"
"000357","01 06","0x004","4","00","00","unchanged","copied from current OTMR","0x004","00"
"000357","01 06","0x005","5","01","01","unchanged","copied from current OTMR","0x005","01"
"000357","01 06","0x006","6","01","01","unchanged","copied from current OTMR","0x006","01"
"000357","01 06","0x007","7","FF","FF","unchanged","length","0x007","FF"
"000357","01 06","0x008","8","02","02","unchanged","protocol framing","",""
"000357","01 06","0x009","9","00","02","changed","copied from current OTMR","0x00D","02"
"000357","01 06","0x00A","10","00","00","unchanged","copied from current OTMR","0x00E","00"
"000357","01 06","0x00B","11","00","00","unchanged","copied from current OTMR","0x00F","00"
"000357","01 06","0x00C","12","03","00","changed","copied from current OTMR","0x010","00"
"000357","01 06","0x00D","13","02","00","changed","copied from current OTMR","0x011","00"
"000357","01 06","0x00E","14","00","00","unchanged","copied from current OTMR","0x012","00"
"000357","01 06","0x00F","15","00","00","unchanged","copied from current OTMR","0x013","00"
"000357","01 06","0x010","16","00","03","changed","copied from current OTMR","0x014","03"
"000357","01 06","0x011","17","00","02","changed","copied from current OTMR","0x015","02"
"000357","01 06","0x012","18","00","00","unchanged","copied from current OTMR","0x016","00"
"000357","01 06","0x013","19","00","00","unchanged","copied from current OTMR","0x017","00"
"000357","01 06","0x014","20","03","00","changed","copied from current OTMR","0x018","00"
"000357","01 06","0x015","21","02","00","changed","copied from current OTMR","0x019","00"
"000357","01 06","0x016","22","00","00","unchanged","copied from current OTMR","0x01A","00"
"000357","01 06","0x017","23","00","00","unchanged","copied from current OTMR","0x01B","00"
"000357","01 06","0x018","24","00","03","changed","copied from current OTMR","0x01C","03"
"000357","01 06","0x019","25","00","02","changed","copied from current OTMR","0x01D","02"
"000357","01 06","0x01A","26","00","00","unchanged","copied from current OTMR","0x01E","00"
"000357","01 06","0x01B","27","00","00","unchanged","copied from current OTMR","0x01F","00"
"000357","01 06","0x01C","28","03","00","changed","copied from current OTMR","0x020","00"
"000357","01 06","0x01D","29","02","00","changed","copied from current OTMR","0x021","00"
"000357","01 06","0x01E","30","00","00","unchanged","copied from current OTMR","0x022","00"
"000357","01 06","0x01F","31","00","00","unchanged","copied from current OTMR","0x023","00"
"000357","01 06","0x020","32","00","03","changed","copied from current OTMR","0x024","03"
"000357","01 06","0x021","33","00","02","changed","copied from current OTMR","0x025","02"
"000357","01 06","0x022","34","00","00","unchanged","copied from current OTMR","0x026","00"
"000357","01 06","0x023","35","00","00","unchanged","copied from current OTMR","0x027","00"
"000357","01 06","0x024","36","03","00","changed","copied from current OTMR","0x028","00"
"000357","01 06","0x025","37","02","00","changed","copied from current OTMR","0x029","00"
"000357","01 06","0x026","38","00","00","unchanged","copied from current OTMR","0x02A","00"
"000357","01 06","0x027","39","00","00","unchanged","copied from current OTMR","0x02B","00"
"000357","01 06","0x028","40","00","03","changed","copied from current OTMR","0x02C","03"
"000357","01 06","0x029","41","00","02","changed","copied from current OTMR","0x02D","02"
"000357","01 06","0x02A","42","00","00","unchanged","copied from current OTMR","0x02E","00"
"000357","01 06","0x02B","43","00","00","unchanged","copied from current OTMR","0x02F","00"
"000357","01 06","0x02C","44","03","00","changed","copied from current OTMR","0x030","00"
"000357","01 06","0x02D","45","02","00","changed","copied from current OTMR","0x031","00"
"000357","01 06","0x02E","46","00","00","unchanged","copied from current OTMR","0x032","00"
"000357","01 06","0x02F","47","00","00","unchanged","copied from current OTMR","0x033","00"
"000357","01 06","0x030","48","00","03","changed","copied from current OTMR","0x034","03"
"000357","01 06","0x031","49","00","02","changed","copied from current OTMR","0x035","02"
"000357","01 06","0x032","50","00","00","unchanged","copied from current OTMR","0x036","00"
"000357","01 06","0x033","51","00","00","unchanged","copied from current OTMR","0x037","00"
"000357","01 06","0x034","52","03","00","changed","copied from current OTMR","0x038","00"
"000357","01 06","0x035","53","02","00","changed","copied from current OTMR","0x039","00"
"000357","01 06","0x036","54","00","00","unchanged","copied from current OTMR","0x03A","00"
"000357","01 06","0x037","55","00","00","unchanged","copied from current OTMR","0x03B","00"
"000357","01 06","0x038","56","00","03","changed","copied from current OTMR","0x03C","03"
"000357","01 06","0x039","57","00","02","changed","copied from current OTMR","0x03D","02"
"000357","01 06","0x03A","58","00","00","unchanged","copied from current OTMR","0x03E","00"
"000357","01 06","0x03B","59","00","00","unchanged","copied from current OTMR","0x03F","00"
"000357","01 06","0x03C","60","03","00","changed","copied from current OTMR","0x040","00"
"000357","01 06","0x03D","61","02","00","changed","copied from current OTMR","0x041","00"
"000357","01 06","0x03E","62","00","00","unchanged","copied from current OTMR","0x042","00"
"000357","01 06","0x03F","63","00","00","unchanged","copied from current OTMR","0x043","00"
"000357","01 06","0x040","64","00","03","changed","copied from current OTMR","0x044","03"
"000357","01 06","0x041","65","00","02","changed","copied from current OTMR","0x045","02"
"000357","01 06","0x042","66","00","00","unchanged","copied from current OTMR","0x046","00"
"000357","01 06","0x043","67","00","00","unchanged","copied from current OTMR","0x047","00"
"000357","01 06","0x044","68","03","00","changed","copied from current OTMR","0x048","00"
"000357","01 06","0x045","69","02","00","changed","copied from current OTMR","0x049","00"
"000357","01 06","0x046","70","00","00","unchanged","copied from current OTMR","0x04A","00"
"000357","01 06","0x047","71","00","00","unchanged","copied from current OTMR","0x04B","00"
"000357","01 06","0x048","72","00","03","changed","copied from current OTMR","0x04C","03"
"000357","01 06","0x049","73","00","02","changed","copied from current OTMR","0x04D","02"
"000357","01 06","0x04A","74","00","00","unchanged","copied from current OTMR","0x04E","00"
"000357","01 06","0x04B","75","00","00","unchanged","copied from current OTMR","0x04F","00"
"000357","01 06","0x04C","76","03","00","changed","copied from current OTMR","0x050","00"
"000357","01 06","0x04D","77","02","00","changed","copied from current OTMR","0x051","00"
"000357","01 06","0x04E","78","00","00","unchanged","copied from current OTMR","0x052","00"
"000357","01 06","0x04F","79","00","00","unchanged","copied from current OTMR","0x053","00"
"000357","01 06","0x050","80","00","03","changed","copied from current OTMR","0x054","03"
"000357","01 06","0x051","81","00","02","changed","copied from current OTMR","0x055","02"
"000357","01 06","0x052","82","00","00","unchanged","copied from current OTMR","0x056","00"
"000357","01 06","0x053","83","00","00","unchanged","copied from current OTMR","0x057","00"
"000357","01 06","0x054","84","03","00","changed","copied from current OTMR","0x058","00"
"000357","01 06","0x055","85","02","00","changed","copied from current OTMR","0x059","00"
"000357","01 06","0x056","86","00","00","unchanged","copied from current OTMR","0x05A","00"
"000357","01 06","0x057","87","00","00","unchanged","copied from current OTMR","0x05B","00"
"000357","01 06","0x058","88","00","03","changed","copied from current OTMR","0x05C","03"
"000357","01 06","0x059","89","00","02","changed","copied from current OTMR","0x05D","02"
"000357","01 06","0x05A","90","00","00","unchanged","copied from current OTMR","0x05E","00"
"000357","01 06","0x05B","91","00","00","unchanged","copied from current OTMR","0x05F","00"
"000357","01 06","0x05C","92","03","00","changed","copied from current OTMR","0x060","00"
"000357","01 06","0x05D","93","02","00","changed","copied from current OTMR","0x061","00"
"000357","01 06","0x05E","94","00","00","unchanged","copied from current OTMR","0x062","00"
"000357","01 06","0x05F","95","00","00","unchanged","copied from current OTMR","0x063","00"
"000357","01 06","0x060","96","00","00","unchanged","copied from current OTMR","0x064","00"
"000357","01 06","0x061","97","00","00","unchanged","copied from current OTMR","0x065","00"
"000357","01 06","0x062","98","00","00","unchanged","copied from current OTMR","0x066","00"
"000357","01 06","0x063","99","00","00","unchanged","copied from current OTMR","0x067","00"
"000357","01 06","0x064","100","00","00","unchanged","copied from current OTMR","0x068","00"
"000357","01 06","0x065","101","00","00","unchanged","copied from current OTMR","0x069","00"
"000357","01 06","0x066","102","00","00","unchanged","copied from current OTMR","0x06A","00"
"000357","01 06","0x067","103","00","00","unchanged","copied from current OTMR","0x06B","00"
"000357","01 06","0x068","104","00","00","unchanged","copied from current OTMR","0x06C","00"
"000357","01 06","0x069","105","00","00","unchanged","copied from current OTMR","0x06D","00"
"000357","01 06","0x06A","106","00","00","unchanged","copied from current OTMR","0x06E","00"
"000357","01 06","0x06B","107","00","00","unchanged","copied from current OTMR","0x06F","00"
"000357","01 06","0x06C","108","00","00","unchanged","copied from current OTMR","0x070","00"
"000357","01 06","0x06D","109","00","00","unchanged","copied from current OTMR","0x071","00"
"000357","01 06","0x06E","110","00","00","unchanged","copied from current OTMR","0x072","00"
"000357","01 06","0x06F","111","00","00","unchanged","copied from current OTMR","0x073","00"
"000357","01 06","0x070","112","00","00","unchanged","copied from current OTMR","0x076","00"
"000357","01 06","0x071","113","00","00","unchanged","copied from current OTMR","0x077","00"
"000357","01 06","0x072","114","00","00","unchanged","copied from current OTMR","0x078","00"
"000357","01 06","0x073","115","00","00","unchanged","copied from current OTMR","0x079","00"
"000357","01 06","0x074","116","01","00","changed","copied from current OTMR","0x07A","00"
"000357","01 06","0x075","117","07","00","changed","copied from current OTMR","0x07B","00"
"000357","01 06","0x076","118","00","00","unchanged","copied from current OTMR","0x07C","00"
"000357","01 06","0x077","119","00","00","unchanged","copied from current OTMR","0x07D","00"
"000357","01 06","0x078","120","00","00","unchanged","copied from current OTMR","0x07E","00"
"000357","01 06","0x079","121","00","00","unchanged","copied from current OTMR","0x07F","00"
"000357","01 06","0x07A","122","00","00","unchanged","copied from current OTMR","0x080","00"
"000357","01 06","0x07B","123","00","00","unchanged","copied from current OTMR","0x081","00"
"000357","01 06","0x07C","124","00","00","unchanged","copied from current OTMR","0x082","00"
"000357","01 06","0x07D","125","00","00","unchanged","copied from current OTMR","0x083","00"
"000357","01 06","0x07E","126","00","00","unchanged","copied from current OTMR","0x084","00"
"000357","01 06","0x07F","127","00","00","unchanged","copied from current OTMR","0x085","00"
"000357","01 06","0x080","128","00","00","unchanged","copied from current OTMR","0x086","00"
"000357","01 06","0x081","129","00","00","unchanged","copied from current OTMR","0x087","00"
"000357","01 06","0x082","130","00","00","unchanged","copied from current OTMR","0x088","00"
"000357","01 06","0x083","131","00","00","unchanged","copied from current OTMR","0x089","00"
"000357","01 06","0x084","132","00","00","unchanged","copied from current OTMR","0x08A","00"
"000357","01 06","0x085","133","00","00","unchanged","copied from current OTMR","0x08B","00"
"000357","01 06","0x086","134","00","00","unchanged","unknown","",""
"000357","01 06","0x087","135","00","00","unchanged","unknown","",""
"000357","01 06","0x088","136","00","03","changed","copied from current OTMR","0x08C","03"
"000357","01 06","0x089","137","00","02","changed","copied from current OTMR","0x08D","02"
"000357","01 06","0x08A","138","00","00","unchanged","copied from current OTMR","0x08E","00"
"000357","01 06","0x08B","139","00","00","unchanged","copied from current OTMR","0x08F","00"
"000357","01 06","0x08C","140","03","00","changed","copied from current OTMR","0x090","00"
"000357","01 06","0x08D","141","02","00","changed","copied from current OTMR","0x091","00"
"000357","01 06","0x08E","142","00","00","unchanged","copied from current OTMR","0x092","00"
"000357","01 06","0x08F","143","00","00","unchanged","copied from current OTMR","0x093","00"
"000357","01 06","0x090","144","00","03","changed","copied from current OTMR","0x094","03"
"000357","01 06","0x091","145","00","02","changed","copied from current OTMR","0x095","02"
"000357","01 06","0x092","146","00","00","unchanged","copied from current OTMR","0x096","00"
"000357","01 06","0x093","147","00","00","unchanged","copied from current OTMR","0x097","00"
"000357","01 06","0x094","148","03","00","changed","copied from current OTMR","0x098","00"
"000357","01 06","0x095","149","02","00","changed","copied from current OTMR","0x099","00"
"000357","01 06","0x096","150","00","00","unchanged","copied from current OTMR","0x09A","00"
"000357","01 06","0x097","151","00","00","unchanged","copied from current OTMR","0x09B","00"
"000357","01 06","0x098","152","00","03","changed","copied from current OTMR","0x09C","03"
"000357","01 06","0x099","153","00","02","changed","copied from current OTMR","0x09D","02"
"000357","01 06","0x09A","154","00","00","unchanged","copied from current OTMR","0x09E","00"
"000357","01 06","0x09B","155","00","00","unchanged","copied from current OTMR","0x09F","00"
"000357","01 06","0x09C","156","03","00","changed","copied from current OTMR","0x0A0","00"
"000357","01 06","0x09D","157","02","00","changed","copied from current OTMR","0x0A1","00"
"000357","01 06","0x09E","158","00","00","unchanged","copied from current OTMR","0x0A2","00"
"000357","01 06","0x09F","159","00","00","unchanged","copied from current OTMR","0x0A3","00"
"000357","01 06","0x0A0","160","00","03","changed","copied from current OTMR","0x0A4","03"
"000357","01 06","0x0A1","161","00","02","changed","copied from current OTMR","0x0A5","02"
"000357","01 06","0x0A2","162","00","00","unchanged","copied from current OTMR","0x0A6","00"
"000357","01 06","0x0A3","163","00","00","unchanged","copied from current OTMR","0x0A7","00"
"000357","01 06","0x0A4","164","03","00","changed","copied from current OTMR","0x0A8","00"
"000357","01 06","0x0A5","165","02","00","changed","copied from current OTMR","0x0A9","00"
"000357","01 06","0x0A6","166","00","00","unchanged","copied from current OTMR","0x0AA","00"
"000357","01 06","0x0A7","167","00","00","unchanged","copied from current OTMR","0x0AB","00"
"000357","01 06","0x0A8","168","00","03","changed","copied from current OTMR","0x0AC","03"
"000357","01 06","0x0A9","169","00","02","changed","copied from current OTMR","0x0AD","02"
"000357","01 06","0x0AA","170","00","00","unchanged","copied from current OTMR","0x0AE","00"
"000357","01 06","0x0AB","171","00","00","unchanged","copied from current OTMR","0x0AF","00"
"000357","01 06","0x0AC","172","03","00","changed","copied from current OTMR","0x0B0","00"
"000357","01 06","0x0AD","173","02","00","changed","copied from current OTMR","0x0B1","00"
"000357","01 06","0x0AE","174","00","00","unchanged","copied from current OTMR","0x0B2","00"
"000357","01 06","0x0AF","175","00","00","unchanged","copied from current OTMR","0x0B3","00"
"000357","01 06","0x0B0","176","00","03","changed","copied from current OTMR","0x0B4","03"
"000357","01 06","0x0B1","177","00","02","changed","copied from current OTMR","0x0B5","02"
"000357","01 06","0x0B2","178","00","00","unchanged","copied from current OTMR","0x0B6","00"
"000357","01 06","0x0B3","179","00","00","unchanged","copied from current OTMR","0x0B7","00"
"000357","01 06","0x0B4","180","03","00","changed","copied from current OTMR","0x0B8","00"
"000357","01 06","0x0B5","181","02","00","changed","copied from current OTMR","0x0B9","00"
"000357","01 06","0x0B6","182","00","00","unchanged","copied from current OTMR","0x0BA","00"
"000357","01 06","0x0B7","183","00","00","unchanged","copied from current OTMR","0x0BB","00"
"000357","01 06","0x0B8","184","00","03","changed","copied from current OTMR","0x0BC","03"
"000357","01 06","0x0B9","185","00","02","changed","copied from current OTMR","0x0BD","02"
"000357","01 06","0x0BA","186","00","00","unchanged","copied from current OTMR","0x0BE","00"
"000357","01 06","0x0BB","187","00","00","unchanged","copied from current OTMR","0x0BF","00"
"000357","01 06","0x0BC","188","03","00","changed","copied from current OTMR","0x0C0","00"
"000357","01 06","0x0BD","189","02","00","changed","copied from current OTMR","0x0C1","00"
"000357","01 06","0x0BE","190","00","00","unchanged","copied from current OTMR","0x0C2","00"
"000357","01 06","0x0BF","191","00","00","unchanged","copied from current OTMR","0x0C3","00"
"000357","01 06","0x0C0","192","00","03","changed","copied from current OTMR","0x0C4","03"
"000357","01 06","0x0C1","193","00","02","changed","copied from current OTMR","0x0C5","02"
"000357","01 06","0x0C2","194","00","00","unchanged","copied from current OTMR","0x0C6","00"
"000357","01 06","0x0C3","195","00","00","unchanged","copied from current OTMR","0x0C7","00"
"000357","01 06","0x0C4","196","03","00","changed","copied from current OTMR","0x0C8","00"
"000357","01 06","0x0C5","197","02","00","changed","copied from current OTMR","0x0C9","00"
"000357","01 06","0x0C6","198","00","00","unchanged","copied from current OTMR","0x0CA","00"
"000357","01 06","0x0C7","199","00","00","unchanged","copied from current OTMR","0x0CB","00"
"000357","01 06","0x0C8","200","00","03","changed","copied from current OTMR","0x0CC","03"
"000357","01 06","0x0C9","201","00","02","changed","copied from current OTMR","0x0CD","02"
"000357","01 06","0x0CA","202","00","00","unchanged","copied from current OTMR","0x0CE","00"
"000357","01 06","0x0CB","203","00","00","unchanged","copied from current OTMR","0x0CF","00"
"000357","01 06","0x0CC","204","03","00","changed","copied from current OTMR","0x0D0","00"
"000357","01 06","0x0CD","205","02","00","changed","copied from current OTMR","0x0D1","00"
"000357","01 06","0x0CE","206","00","00","unchanged","copied from current OTMR","0x0D2","00"
"000357","01 06","0x0CF","207","00","00","unchanged","copied from current OTMR","0x0D3","00"
"000357","01 06","0x0D0","208","00","00","unchanged","copied from current OTMR","0x0D6","00"
"000357","01 06","0x0D1","209","00","00","unchanged","copied from current OTMR","0x0D7","00"
"000357","01 06","0x0D2","210","00","00","unchanged","copied from current OTMR","0x0D8","00"
"000357","01 06","0x0D3","211","00","00","unchanged","copied from current OTMR","0x0D9","00"
"000357","01 06","0x0D4","212","03","00","changed","copied from current OTMR","0x0DA","00"
"000357","01 06","0x0D5","213","02","00","changed","copied from current OTMR","0x0DB","00"
"000357","01 06","0x0D6","214","00","00","unchanged","unknown","",""
"000357","01 06","0x0D7","215","00","00","unchanged","unknown","",""
"000357","01 06","0x0D8","216","00","03","changed","copied from current OTMR","0x0DC","03"
"000357","01 06","0x0D9","217","00","02","changed","copied from current OTMR","0x0DD","02"
"000357","01 06","0x0DA","218","00","00","unchanged","copied from current OTMR","0x0DE","00"
"000357","01 06","0x0DB","219","00","00","unchanged","copied from current OTMR","0x0DF","00"
"000357","01 06","0x0DC","220","03","00","changed","copied from current OTMR","0x0E0","00"
"000357","01 06","0x0DD","221","02","00","changed","copied from current OTMR","0x0E1","00"
"000357","01 06","0x0DE","222","00","00","unchanged","copied from current OTMR","0x0E2","00"
"000357","01 06","0x0DF","223","00","00","unchanged","copied from current OTMR","0x0E3","00"
"000357","01 06","0x0E0","224","00","03","changed","copied from current OTMR","0x0E4","03"
"000357","01 06","0x0E1","225","00","02","changed","copied from current OTMR","0x0E5","02"
"000357","01 06","0x0E2","226","00","00","unchanged","copied from current OTMR","0x0E6","00"
"000357","01 06","0x0E3","227","00","00","unchanged","copied from current OTMR","0x0E7","00"
"000357","01 06","0x0E4","228","03","00","changed","copied from current OTMR","0x0E8","00"
"000357","01 06","0x0E5","229","02","00","changed","copied from current OTMR","0x0E9","00"
"000357","01 06","0x0E6","230","00","00","unchanged","copied from current OTMR","0x0EA","00"
"000357","01 06","0x0E7","231","00","00","unchanged","copied from current OTMR","0x0EB","00"
"000357","01 06","0x0E8","232","00","00","unchanged","copied from current OTMR","0x0EC","00"
"000357","01 06","0x0E9","233","00","00","unchanged","copied from current OTMR","0x0ED","00"
"000357","01 06","0x0EA","234","00","00","unchanged","copied from current OTMR","0x0EE","00"
"000357","01 06","0x0EB","235","00","00","unchanged","copied from current OTMR","0x0EF","00"
"000357","01 06","0x0EC","236","00","00","unchanged","copied from current OTMR","0x0F0","00"
"000357","01 06","0x0ED","237","00","00","unchanged","copied from current OTMR","0x0F1","00"
"000357","01 06","0x0EE","238","00","00","unchanged","copied from current OTMR","0x0F2","00"
"000357","01 06","0x0EF","239","00","00","unchanged","copied from current OTMR","0x0F3","00"
"000357","01 06","0x0F0","240","00","00","unchanged","copied from current OTMR","0x0F6","00"
"000357","01 06","0x0F1","241","00","00","unchanged","copied from current OTMR","0x0F7","00"
"000357","01 06","0x0F2","242","00","00","unchanged","copied from current OTMR","0x0F8","00"
"000357","01 06","0x0F3","243","00","00","unchanged","copied from current OTMR","0x0F9","00"
"000357","01 06","0x0F4","244","01","00","changed","copied from current OTMR","0x0FA","00"
"000357","01 06","0x0F5","245","13","00","changed","copied from current OTMR","0x0FB","00"
"000357","01 06","0x0F6","246","00","00","unchanged","copied from current OTMR","0x0FC","00"
"000357","01 06","0x0F7","247","00","00","unchanged","copied from current OTMR","0x0FD","00"
"000357","01 06","0x0F8","248","00","00","unchanged","copied from current OTMR","0x0FE","00"
"000357","01 06","0x0F9","249","00","00","unchanged","copied from current OTMR","0x0FF","00"
"000357","01 06","0x0FA","250","00","00","unchanged","copied from current OTMR","0x100","00"
"000357","01 06","0x0FB","251","00","00","unchanged","copied from current OTMR","0x101","00"
"000357","01 06","0x0FC","252","00","00","unchanged","copied from current OTMR","0x102","00"
"000357","01 06","0x0FD","253","00","00","unchanged","copied from current OTMR","0x103","00"
"000357","01 06","0x0FE","254","00","00","unchanged","copied from current OTMR","0x104","00"
"000357","01 06","0x0FF","255","00","00","unchanged","copied from current OTMR","0x105","00"
"000357","01 06","0x100","256","00","00","unchanged","copied from current OTMR","0x106","00"
"000357","01 06","0x101","257","00","00","unchanged","copied from current OTMR","0x107","00"
"000357","01 06","0x102","258","00","00","unchanged","unknown","",""
"000357","01 06","0x103","259","00","00","unchanged","unknown","",""
"000357","01 06","0x104","260","00","00","unchanged","unknown","",""
"000357","01 06","0x105","261","00","00","unchanged","unknown","",""
"000357","01 06","0x106","262","00","00","unchanged","unknown","",""
"000357","01 06","0x107","263","00","00","unchanged","unknown","",""
"000357","01 06","0x108","264","03","03","unchanged","protocol framing","",""
"000357","01 06","0x109","265","8F","6B","changed","checksum/CRC","",""
"000357","01 06","0x10A","266","04","04","unchanged","protocol framing","",""
"000378","01 08","0x000","0","01","01","unchanged","protocol framing","",""
"000378","01 08","0x001","1","08","04","changed","command/index","0x003","04"
"000378","01 08","0x002","2","00","00","unchanged","constant proven by multiple messages","",""
"000378","01 08","0x003","3","04","04","unchanged","command/index","0x003","04"
"000378","01 08","0x004","4","00","00","unchanged","copied from current OTMR","0x004","00"
"000378","01 08","0x005","5","01","01","unchanged","copied from current OTMR","0x005","01"
"000378","01 08","0x006","6","01","01","unchanged","copied from current OTMR","0x006","01"
"000378","01 08","0x007","7","FF","FF","unchanged","length","0x007","FF"
"000378","01 08","0x008","8","02","02","unchanged","protocol framing","",""
"000378","01 08","0x009","9","00","00","unchanged","copied from current OTMR","0x009","00"
"000378","01 08","0x00A","10","00","00","unchanged","copied from current OTMR","0x00A","00"
"000378","01 08","0x00B","11","00","00","unchanged","copied from current OTMR","0x00B","00"
"000378","01 08","0x00C","12","00","00","unchanged","copied from current OTMR","0x00C","00"
"000378","01 08","0x00D","13","00","00","unchanged","copied from current OTMR","0x00D","00"
"000378","01 08","0x00E","14","00","00","unchanged","copied from current OTMR","0x00E","00"
"000378","01 08","0x00F","15","00","00","unchanged","copied from current OTMR","0x00F","00"
"000378","01 08","0x010","16","00","00","unchanged","copied from current OTMR","0x010","00"
"000378","01 08","0x011","17","00","03","changed","copied from current OTMR","0x015","03"
"000378","01 08","0x012","18","00","02","changed","copied from current OTMR","0x016","02"
"000378","01 08","0x013","19","00","00","unchanged","copied from current OTMR","0x017","00"
"000378","01 08","0x014","20","00","00","unchanged","copied from current OTMR","0x018","00"
"000378","01 08","0x015","21","03","00","changed","copied from current OTMR","0x019","00"
"000378","01 08","0x016","22","02","00","changed","copied from current OTMR","0x01A","00"
"000378","01 08","0x017","23","00","00","unchanged","copied from current OTMR","0x01B","00"
"000378","01 08","0x018","24","00","00","unchanged","copied from current OTMR","0x01C","00"
"000378","01 08","0x019","25","00","03","changed","copied from current OTMR","0x01D","03"
"000378","01 08","0x01A","26","00","02","changed","copied from current OTMR","0x01E","02"
"000378","01 08","0x01B","27","00","00","unchanged","copied from current OTMR","0x01F","00"
"000378","01 08","0x01C","28","00","00","unchanged","copied from current OTMR","0x020","00"
"000378","01 08","0x01D","29","03","00","changed","copied from current OTMR","0x021","00"
"000378","01 08","0x01E","30","02","00","changed","copied from current OTMR","0x022","00"
"000378","01 08","0x01F","31","00","00","unchanged","copied from current OTMR","0x023","00"
"000378","01 08","0x020","32","00","00","unchanged","copied from current OTMR","0x024","00"
"000378","01 08","0x021","33","00","03","changed","copied from current OTMR","0x025","03"
"000378","01 08","0x022","34","00","02","changed","copied from current OTMR","0x026","02"
"000378","01 08","0x023","35","00","00","unchanged","copied from current OTMR","0x027","00"
"000378","01 08","0x024","36","00","00","unchanged","copied from current OTMR","0x028","00"
"000378","01 08","0x025","37","03","00","changed","copied from current OTMR","0x029","00"
"000378","01 08","0x026","38","02","00","changed","copied from current OTMR","0x02A","00"
"000378","01 08","0x027","39","00","00","unchanged","copied from current OTMR","0x02B","00"
"000378","01 08","0x028","40","00","00","unchanged","copied from current OTMR","0x02C","00"
"000378","01 08","0x029","41","00","03","changed","copied from current OTMR","0x02D","03"
"000378","01 08","0x02A","42","00","02","changed","copied from current OTMR","0x02E","02"
"000378","01 08","0x02B","43","00","00","unchanged","copied from current OTMR","0x02F","00"
"000378","01 08","0x02C","44","00","00","unchanged","copied from current OTMR","0x030","00"
"000378","01 08","0x02D","45","03","00","changed","copied from current OTMR","0x031","00"
"000378","01 08","0x02E","46","02","00","changed","copied from current OTMR","0x032","00"
"000378","01 08","0x02F","47","00","00","unchanged","copied from current OTMR","0x033","00"
"000378","01 08","0x030","48","00","00","unchanged","copied from current OTMR","0x034","00"
"000378","01 08","0x031","49","00","03","changed","copied from current OTMR","0x035","03"
"000378","01 08","0x032","50","00","02","changed","copied from current OTMR","0x036","02"
"000378","01 08","0x033","51","00","00","unchanged","copied from current OTMR","0x037","00"
"000378","01 08","0x034","52","00","00","unchanged","copied from current OTMR","0x038","00"
"000378","01 08","0x035","53","03","00","changed","copied from current OTMR","0x039","00"
"000378","01 08","0x036","54","02","00","changed","copied from current OTMR","0x03A","00"
"000378","01 08","0x037","55","00","00","unchanged","copied from current OTMR","0x03B","00"
"000378","01 08","0x038","56","00","00","unchanged","copied from current OTMR","0x03C","00"
"000378","01 08","0x039","57","00","03","changed","copied from current OTMR","0x03D","03"
"000378","01 08","0x03A","58","00","02","changed","copied from current OTMR","0x03E","02"
"000378","01 08","0x03B","59","00","00","unchanged","copied from current OTMR","0x03F","00"
"000378","01 08","0x03C","60","00","00","unchanged","copied from current OTMR","0x040","00"
"000378","01 08","0x03D","61","03","00","changed","copied from current OTMR","0x041","00"
"000378","01 08","0x03E","62","02","00","changed","copied from current OTMR","0x042","00"
"000378","01 08","0x03F","63","00","00","unchanged","copied from current OTMR","0x043","00"
"000378","01 08","0x040","64","00","00","unchanged","copied from current OTMR","0x044","00"
"000378","01 08","0x041","65","00","03","changed","copied from current OTMR","0x045","03"
"000378","01 08","0x042","66","00","02","changed","copied from current OTMR","0x046","02"
"000378","01 08","0x043","67","00","00","unchanged","copied from current OTMR","0x047","00"
"000378","01 08","0x044","68","00","00","unchanged","copied from current OTMR","0x048","00"
"000378","01 08","0x045","69","03","00","changed","copied from current OTMR","0x049","00"
"000378","01 08","0x046","70","02","00","changed","copied from current OTMR","0x04A","00"
"000378","01 08","0x047","71","00","00","unchanged","copied from current OTMR","0x04B","00"
"000378","01 08","0x048","72","00","00","unchanged","copied from current OTMR","0x04C","00"
"000378","01 08","0x049","73","00","03","changed","copied from current OTMR","0x04D","03"
"000378","01 08","0x04A","74","00","02","changed","copied from current OTMR","0x04E","02"
"000378","01 08","0x04B","75","00","00","unchanged","copied from current OTMR","0x04F","00"
"000378","01 08","0x04C","76","00","00","unchanged","copied from current OTMR","0x050","00"
"000378","01 08","0x04D","77","03","00","changed","copied from current OTMR","0x051","00"
"000378","01 08","0x04E","78","02","00","changed","copied from current OTMR","0x052","00"
"000378","01 08","0x04F","79","00","00","unchanged","copied from current OTMR","0x053","00"
"000378","01 08","0x050","80","00","00","unchanged","copied from current OTMR","0x054","00"
"000378","01 08","0x051","81","00","03","changed","copied from current OTMR","0x055","03"
"000378","01 08","0x052","82","00","02","changed","copied from current OTMR","0x056","02"
"000378","01 08","0x053","83","00","00","unchanged","copied from current OTMR","0x057","00"
"000378","01 08","0x054","84","00","00","unchanged","copied from current OTMR","0x058","00"
"000378","01 08","0x055","85","03","00","changed","copied from current OTMR","0x059","00"
"000378","01 08","0x056","86","02","00","changed","copied from current OTMR","0x05A","00"
"000378","01 08","0x057","87","00","00","unchanged","copied from current OTMR","0x05B","00"
"000378","01 08","0x058","88","00","00","unchanged","copied from current OTMR","0x05C","00"
"000378","01 08","0x059","89","00","03","changed","copied from current OTMR","0x05D","03"
"000378","01 08","0x05A","90","00","02","changed","copied from current OTMR","0x05E","02"
"000378","01 08","0x05B","91","00","00","unchanged","copied from current OTMR","0x05F","00"
"000378","01 08","0x05C","92","00","00","unchanged","copied from current OTMR","0x060","00"
"000378","01 08","0x05D","93","03","00","changed","copied from current OTMR","0x061","00"
"000378","01 08","0x05E","94","02","00","changed","copied from current OTMR","0x062","00"
"000378","01 08","0x05F","95","00","00","unchanged","copied from current OTMR","0x063","00"
"000378","01 08","0x060","96","00","00","unchanged","copied from current OTMR","0x064","00"
"000378","01 08","0x061","97","00","00","unchanged","copied from current OTMR","0x067","00"
"000378","01 08","0x062","98","00","00","unchanged","copied from current OTMR","0x068","00"
"000378","01 08","0x063","99","00","00","unchanged","copied from current OTMR","0x069","00"
"000378","01 08","0x064","100","00","00","unchanged","copied from current OTMR","0x06A","00"
"000378","01 08","0x065","101","03","00","changed","copied from current OTMR","0x06B","00"
"000378","01 08","0x066","102","02","00","changed","copied from current OTMR","0x06C","00"
"000378","01 08","0x067","103","00","00","unchanged","unknown","",""
"000378","01 08","0x068","104","00","00","unchanged","unknown","",""
"000378","01 08","0x069","105","00","03","changed","copied from current OTMR","0x06D","03"
"000378","01 08","0x06A","106","00","02","changed","copied from current OTMR","0x06E","02"
"000378","01 08","0x06B","107","00","00","unchanged","copied from current OTMR","0x06F","00"
"000378","01 08","0x06C","108","00","00","unchanged","copied from current OTMR","0x070","00"
"000378","01 08","0x06D","109","03","00","changed","copied from current OTMR","0x071","00"
"000378","01 08","0x06E","110","02","00","changed","copied from current OTMR","0x072","00"
"000378","01 08","0x06F","111","00","00","unchanged","copied from current OTMR","0x073","00"
"000378","01 08","0x070","112","00","00","unchanged","copied from current OTMR","0x074","00"
"000378","01 08","0x071","113","00","00","unchanged","copied from current OTMR","0x075","00"
"000378","01 08","0x072","114","00","00","unchanged","copied from current OTMR","0x076","00"
"000378","01 08","0x073","115","00","00","unchanged","copied from current OTMR","0x077","00"
"000378","01 08","0x074","116","00","00","unchanged","copied from current OTMR","0x078","00"
"000378","01 08","0x075","117","00","00","unchanged","copied from current OTMR","0x079","00"
"000378","01 08","0x076","118","00","00","unchanged","copied from current OTMR","0x07A","00"
"000378","01 08","0x077","119","00","00","unchanged","copied from current OTMR","0x07B","00"
"000378","01 08","0x078","120","00","00","unchanged","copied from current OTMR","0x07C","00"
"000378","01 08","0x079","121","00","00","unchanged","copied from current OTMR","0x07F","00"
"000378","01 08","0x07A","122","00","00","unchanged","copied from current OTMR","0x080","00"
"000378","01 08","0x07B","123","00","00","unchanged","copied from current OTMR","0x081","00"
"000378","01 08","0x07C","124","00","00","unchanged","copied from current OTMR","0x082","00"
"000378","01 08","0x07D","125","01","00","changed","copied from current OTMR","0x083","00"
"000378","01 08","0x07E","126","12","00","changed","copied from current OTMR","0x084","00"
"000378","01 08","0x07F","127","00","00","unchanged","copied from current OTMR","0x085","00"
"000378","01 08","0x080","128","00","00","unchanged","copied from current OTMR","0x086","00"
"000378","01 08","0x081","129","00","00","unchanged","copied from current OTMR","0x087","00"
"000378","01 08","0x082","130","00","00","unchanged","copied from current OTMR","0x088","00"
"000378","01 08","0x083","131","00","00","unchanged","copied from current OTMR","0x089","00"
"000378","01 08","0x084","132","00","00","unchanged","copied from current OTMR","0x08A","00"
"000378","01 08","0x085","133","00","00","unchanged","copied from current OTMR","0x08B","00"
"000378","01 08","0x086","134","00","00","unchanged","copied from current OTMR","0x08C","00"
"000378","01 08","0x087","135","00","00","unchanged","copied from current OTMR","0x08D","00"
"000378","01 08","0x088","136","00","00","unchanged","copied from current OTMR","0x08E","00"
"000378","01 08","0x089","137","00","00","unchanged","copied from current OTMR","0x08F","00"
"000378","01 08","0x08A","138","00","00","unchanged","copied from current OTMR","0x090","00"
"000378","01 08","0x08B","139","00","00","unchanged","copied from current OTMR","0x091","00"
"000378","01 08","0x08C","140","00","00","unchanged","copied from current OTMR","0x092","00"
"000378","01 08","0x08D","141","00","00","unchanged","copied from current OTMR","0x093","00"
"000378","01 08","0x08E","142","00","00","unchanged","copied from current OTMR","0x094","00"
"000378","01 08","0x08F","143","00","00","unchanged","copied from current OTMR","0x095","00"
"000378","01 08","0x090","144","00","00","unchanged","copied from current OTMR","0x096","00"
"000378","01 08","0x091","145","00","00","unchanged","copied from current OTMR","0x097","00"
"000378","01 08","0x092","146","00","00","unchanged","copied from current OTMR","0x098","00"
"000378","01 08","0x093","147","00","00","unchanged","copied from current OTMR","0x099","00"
"000378","01 08","0x094","148","00","00","unchanged","copied from current OTMR","0x09A","00"
"000378","01 08","0x095","149","00","00","unchanged","copied from current OTMR","0x09B","00"
"000378","01 08","0x096","150","00","00","unchanged","copied from current OTMR","0x09C","00"
"000378","01 08","0x097","151","00","00","unchanged","unknown","",""
"000378","01 08","0x098","152","00","00","unchanged","unknown","",""
"000378","01 08","0x099","153","00","03","changed","copied from current OTMR","0x09D","03"
"000378","01 08","0x09A","154","00","02","changed","copied from current OTMR","0x09E","02"
"000378","01 08","0x09B","155","00","00","unchanged","copied from current OTMR","0x09F","00"
"000378","01 08","0x09C","156","00","00","unchanged","copied from current OTMR","0x0A0","00"
"000378","01 08","0x09D","157","03","00","changed","copied from current OTMR","0x0A1","00"
"000378","01 08","0x09E","158","02","00","changed","copied from current OTMR","0x0A2","00"
"000378","01 08","0x09F","159","00","00","unchanged","copied from current OTMR","0x0A3","00"
"000378","01 08","0x0A0","160","00","00","unchanged","copied from current OTMR","0x0A4","00"
"000378","01 08","0x0A1","161","00","03","changed","copied from current OTMR","0x0A5","03"
"000378","01 08","0x0A2","162","00","02","changed","copied from current OTMR","0x0A6","02"
"000378","01 08","0x0A3","163","00","00","unchanged","copied from current OTMR","0x0A7","00"
"000378","01 08","0x0A4","164","00","00","unchanged","copied from current OTMR","0x0A8","00"
"000378","01 08","0x0A5","165","03","00","changed","copied from current OTMR","0x0A9","00"
"000378","01 08","0x0A6","166","02","00","changed","copied from current OTMR","0x0AA","00"
"000378","01 08","0x0A7","167","00","00","unchanged","copied from current OTMR","0x0AB","00"
"000378","01 08","0x0A8","168","00","00","unchanged","copied from current OTMR","0x0AC","00"
"000378","01 08","0x0A9","169","00","03","changed","copied from current OTMR","0x0AD","03"
"000378","01 08","0x0AA","170","00","02","changed","copied from current OTMR","0x0AE","02"
"000378","01 08","0x0AB","171","00","00","unchanged","copied from current OTMR","0x0AF","00"
"000378","01 08","0x0AC","172","00","00","unchanged","copied from current OTMR","0x0B0","00"
"000378","01 08","0x0AD","173","03","00","changed","copied from current OTMR","0x0B1","00"
"000378","01 08","0x0AE","174","02","00","changed","copied from current OTMR","0x0B2","00"
"000378","01 08","0x0AF","175","00","00","unchanged","copied from current OTMR","0x0B3","00"
"000378","01 08","0x0B0","176","00","00","unchanged","copied from current OTMR","0x0B4","00"
"000378","01 08","0x0B1","177","00","03","changed","copied from current OTMR","0x0B5","03"
"000378","01 08","0x0B2","178","00","02","changed","copied from current OTMR","0x0B6","02"
"000378","01 08","0x0B3","179","00","00","unchanged","copied from current OTMR","0x0B7","00"
"000378","01 08","0x0B4","180","00","00","unchanged","copied from current OTMR","0x0B8","00"
"000378","01 08","0x0B5","181","03","00","changed","copied from current OTMR","0x0B9","00"
"000378","01 08","0x0B6","182","02","00","changed","copied from current OTMR","0x0BA","00"
"000378","01 08","0x0B7","183","00","00","unchanged","copied from current OTMR","0x0BB","00"
"000378","01 08","0x0B8","184","00","00","unchanged","copied from current OTMR","0x0BC","00"
"000378","01 08","0x0B9","185","00","03","changed","copied from current OTMR","0x0BD","03"
"000378","01 08","0x0BA","186","00","02","changed","copied from current OTMR","0x0BE","02"
"000378","01 08","0x0BB","187","00","00","unchanged","copied from current OTMR","0x0BF","00"
"000378","01 08","0x0BC","188","00","00","unchanged","copied from current OTMR","0x0C0","00"
"000378","01 08","0x0BD","189","03","00","changed","copied from current OTMR","0x0C1","00"
"000378","01 08","0x0BE","190","02","00","changed","copied from current OTMR","0x0C2","00"
"000378","01 08","0x0BF","191","00","00","unchanged","copied from current OTMR","0x0C3","00"
"000378","01 08","0x0C0","192","00","00","unchanged","copied from current OTMR","0x0C4","00"
"000378","01 08","0x0C1","193","00","03","changed","copied from current OTMR","0x0C5","03"
"000378","01 08","0x0C2","194","00","02","changed","copied from current OTMR","0x0C6","02"
"000378","01 08","0x0C3","195","00","00","unchanged","copied from current OTMR","0x0C7","00"
"000378","01 08","0x0C4","196","00","00","unchanged","copied from current OTMR","0x0C8","00"
"000378","01 08","0x0C5","197","03","00","changed","copied from current OTMR","0x0C9","00"
"000378","01 08","0x0C6","198","02","00","changed","copied from current OTMR","0x0CA","00"
"000378","01 08","0x0C7","199","00","00","unchanged","copied from current OTMR","0x0CB","00"
"000378","01 08","0x0C8","200","00","00","unchanged","copied from current OTMR","0x0CC","00"
"000378","01 08","0x0C9","201","00","03","changed","copied from current OTMR","0x0CD","03"
"000378","01 08","0x0CA","202","00","02","changed","copied from current OTMR","0x0CE","02"
"000378","01 08","0x0CB","203","00","00","unchanged","copied from current OTMR","0x0CF","00"
"000378","01 08","0x0CC","204","00","00","unchanged","copied from current OTMR","0x0D0","00"
"000378","01 08","0x0CD","205","03","00","changed","copied from current OTMR","0x0D1","00"
"000378","01 08","0x0CE","206","02","00","changed","copied from current OTMR","0x0D2","00"
"000378","01 08","0x0CF","207","00","00","unchanged","copied from current OTMR","0x0D3","00"
"000378","01 08","0x0D0","208","00","00","unchanged","copied from current OTMR","0x0D4","00"
"000378","01 08","0x0D1","209","00","03","changed","copied from current OTMR","0x0D5","03"
"000378","01 08","0x0D2","210","00","02","changed","copied from current OTMR","0x0D6","02"
"000378","01 08","0x0D3","211","00","00","unchanged","copied from current OTMR","0x0D7","00"
"000378","01 08","0x0D4","212","00","00","unchanged","copied from current OTMR","0x0D8","00"
"000378","01 08","0x0D5","213","03","00","changed","copied from current OTMR","0x0D9","00"
"000378","01 08","0x0D6","214","02","00","changed","copied from current OTMR","0x0DA","00"
"000378","01 08","0x0D7","215","00","00","unchanged","copied from current OTMR","0x0DB","00"
"000378","01 08","0x0D8","216","00","00","unchanged","copied from current OTMR","0x0DC","00"
"000378","01 08","0x0D9","217","00","03","changed","copied from current OTMR","0x0DD","03"
"000378","01 08","0x0DA","218","00","02","changed","copied from current OTMR","0x0DE","02"
"000378","01 08","0x0DB","219","00","00","unchanged","copied from current OTMR","0x0DF","00"
"000378","01 08","0x0DC","220","00","00","unchanged","copied from current OTMR","0x0E0","00"
"000378","01 08","0x0DD","221","03","00","changed","copied from current OTMR","0x0E1","00"
"000378","01 08","0x0DE","222","02","00","changed","copied from current OTMR","0x0E2","00"
"000378","01 08","0x0DF","223","00","00","unchanged","copied from current OTMR","0x0E3","00"
"000378","01 08","0x0E0","224","00","00","unchanged","copied from current OTMR","0x0E4","00"
"000378","01 08","0x0E1","225","00","03","changed","copied from current OTMR","0x0E5","03"
"000378","01 08","0x0E2","226","00","02","changed","copied from current OTMR","0x0E6","02"
"000378","01 08","0x0E3","227","00","00","unchanged","copied from current OTMR","0x0E7","00"
"000378","01 08","0x0E4","228","00","00","unchanged","copied from current OTMR","0x0E8","00"
"000378","01 08","0x0E5","229","03","00","changed","copied from current OTMR","0x0E9","00"
"000378","01 08","0x0E6","230","02","00","changed","copied from current OTMR","0x0EA","00"
"000378","01 08","0x0E7","231","00","00","unchanged","copied from current OTMR","0x0EB","00"
"000378","01 08","0x0E8","232","00","00","unchanged","copied from current OTMR","0x0EC","00"
"000378","01 08","0x0E9","233","00","00","unchanged","copied from current OTMR","0x0ED","00"
"000378","01 08","0x0EA","234","00","02","changed","copied from current OTMR","0x0EE","02"
"000378","01 08","0x0EB","235","00","00","unchanged","copied from current OTMR","0x0EF","00"
"000378","01 08","0x0EC","236","00","00","unchanged","copied from current OTMR","0x0F0","00"
"000378","01 08","0x0ED","237","00","00","unchanged","copied from current OTMR","0x0F1","00"
"000378","01 08","0x0EE","238","02","00","changed","copied from current OTMR","0x0F2","00"
"000378","01 08","0x0EF","239","00","00","unchanged","copied from current OTMR","0x0F3","00"
"000378","01 08","0x0F0","240","00","00","unchanged","copied from current OTMR","0x0F4","00"
"000378","01 08","0x0F1","241","00","00","unchanged","copied from current OTMR","0x0F5","00"
"000378","01 08","0x0F2","242","00","02","changed","copied from current OTMR","0x0F6","02"
"000378","01 08","0x0F3","243","00","00","unchanged","copied from current OTMR","0x0F7","00"
"000378","01 08","0x0F4","244","00","00","unchanged","copied from current OTMR","0x0F8","00"
"000378","01 08","0x0F5","245","00","00","unchanged","copied from current OTMR","0x0F9","00"
"000378","01 08","0x0F6","246","02","00","changed","copied from current OTMR","0x0FA","00"
"000378","01 08","0x0F7","247","00","00","unchanged","copied from current OTMR","0x0FB","00"
"000378","01 08","0x0F8","248","00","00","unchanged","copied from current OTMR","0x0FC","00"
"000378","01 08","0x0F9","249","00","01","changed","copied from current OTMR","0x0FD","01"
"000378","01 08","0x0FA","250","00","06","changed","copied from current OTMR","0x0FE","06"
"000378","01 08","0x0FB","251","00","00","unchanged","copied from current OTMR","0x0FF","00"
"000378","01 08","0x0FC","252","00","00","unchanged","copied from current OTMR","0x100","00"
"000378","01 08","0x0FD","253","01","00","changed","copied from current OTMR","0x101","00"
"000378","01 08","0x0FE","254","06","00","changed","copied from current OTMR","0x102","00"
"000378","01 08","0x0FF","255","00","00","unchanged","copied from current OTMR","0x103","00"
"000378","01 08","0x100","256","00","00","unchanged","copied from current OTMR","0x104","00"
"000378","01 08","0x101","257","00","00","unchanged","copied from current OTMR","0x105","00"
"000378","01 08","0x102","258","00","00","unchanged","copied from current OTMR","0x106","00"
"000378","01 08","0x103","259","00","00","unchanged","copied from current OTMR","0x107","00"
"000378","01 08","0x104","260","00","00","unchanged","unknown","",""
"000378","01 08","0x105","261","00","00","unchanged","unknown","",""
"000378","01 08","0x106","262","00","00","unchanged","unknown","",""
"000378","01 08","0x107","263","00","00","unchanged","unknown","",""
"000378","01 08","0x108","264","03","03","unchanged","protocol framing","",""
"000378","01 08","0x109","265","8C","74","changed","checksum/CRC","",""
"000378","01 08","0x10A","266","04","04","unchanged","protocol framing","",""
"000401","01 0A","0x000","0","01","01","unchanged","protocol framing","",""
"000401","01 0A","0x001","1","0A","05","changed","command/index","0x003","05"
"000401","01 0A","0x002","2","00","00","unchanged","constant proven by multiple messages","",""
"000401","01 0A","0x003","3","05","05","unchanged","command/index","0x003","05"
"000401","01 0A","0x004","4","00","00","unchanged","copied from current OTMR","0x004","00"
"000401","01 0A","0x005","5","01","01","unchanged","copied from current OTMR","0x005","01"
"000401","01 0A","0x006","6","01","01","unchanged","copied from current OTMR","0x006","01"
"000401","01 0A","0x007","7","FF","FF","unchanged","length","0x007","FF"
"000401","01 0A","0x008","8","02","02","unchanged","protocol framing","",""
"000401","01 0A","0x009","9","00","00","unchanged","copied from current OTMR","0x009","00"
"000401","01 0A","0x00A","10","00","00","unchanged","copied from current OTMR","0x00A","00"
"000401","01 0A","0x00B","11","00","00","unchanged","copied from current OTMR","0x00B","00"
"000401","01 0A","0x00C","12","00","00","unchanged","copied from current OTMR","0x00C","00"
"000401","01 0A","0x00D","13","00","00","unchanged","copied from current OTMR","0x00D","00"
"000401","01 0A","0x00E","14","00","00","unchanged","copied from current OTMR","0x00E","00"
"000401","01 0A","0x00F","15","00","00","unchanged","copied from current OTMR","0x00F","00"
"000401","01 0A","0x010","16","00","00","unchanged","copied from current OTMR","0x010","00"
"000401","01 0A","0x011","17","00","00","unchanged","copied from current OTMR","0x011","00"
"000401","01 0A","0x012","18","00","00","unchanged","copied from current OTMR","0x012","00"
"000401","01 0A","0x013","19","00","00","unchanged","copied from current OTMR","0x013","00"
"000401","01 0A","0x014","20","00","00","unchanged","copied from current OTMR","0x014","00"
"000401","01 0A","0x015","21","00","00","unchanged","copied from current OTMR","0x015","00"
"000401","01 0A","0x016","22","00","00","unchanged","copied from current OTMR","0x016","00"
"000401","01 0A","0x017","23","00","00","unchanged","copied from current OTMR","0x017","00"
"000401","01 0A","0x018","24","00","00","unchanged","copied from current OTMR","0x018","00"
"000401","01 0A","0x019","25","00","00","unchanged","copied from current OTMR","0x019","00"
"000401","01 0A","0x01A","26","00","00","unchanged","copied from current OTMR","0x01A","00"
"000401","01 0A","0x01B","27","00","00","unchanged","copied from current OTMR","0x01B","00"
"000401","01 0A","0x01C","28","00","00","unchanged","copied from current OTMR","0x01C","00"
"000401","01 0A","0x01D","29","00","00","unchanged","copied from current OTMR","0x01D","00"
"000401","01 0A","0x01E","30","00","00","unchanged","copied from current OTMR","0x01E","00"
"000401","01 0A","0x01F","31","00","00","unchanged","copied from current OTMR","0x01F","00"
"000401","01 0A","0x020","32","00","00","unchanged","copied from current OTMR","0x020","00"
"000401","01 0A","0x021","33","00","00","unchanged","copied from current OTMR","0x021","00"
"000401","01 0A","0x022","34","00","00","unchanged","copied from current OTMR","0x022","00"
"000401","01 0A","0x023","35","00","00","unchanged","copied from current OTMR","0x023","00"
"000401","01 0A","0x024","36","00","00","unchanged","copied from current OTMR","0x024","00"
"000401","01 0A","0x025","37","00","00","unchanged","copied from current OTMR","0x025","00"
"000401","01 0A","0x026","38","00","00","unchanged","copied from current OTMR","0x026","00"
"000401","01 0A","0x027","39","00","00","unchanged","copied from current OTMR","0x027","00"
"000401","01 0A","0x028","40","00","00","unchanged","copied from current OTMR","0x028","00"
"000401","01 0A","0x029","41","00","00","unchanged","copied from current OTMR","0x029","00"
"000401","01 0A","0x02A","42","00","00","unchanged","copied from current OTMR","0x02A","00"
"000401","01 0A","0x02B","43","00","00","unchanged","copied from current OTMR","0x02B","00"
"000401","01 0A","0x02C","44","00","00","unchanged","copied from current OTMR","0x02C","00"
"000401","01 0A","0x02D","45","00","00","unchanged","copied from current OTMR","0x02D","00"
"000401","01 0A","0x02E","46","00","00","unchanged","copied from current OTMR","0x02E","00"
"000401","01 0A","0x02F","47","00","00","unchanged","copied from current OTMR","0x02F","00"
"000401","01 0A","0x030","48","00","00","unchanged","copied from current OTMR","0x030","00"
"000401","01 0A","0x031","49","00","00","unchanged","copied from current OTMR","0x031","00"
"000401","01 0A","0x032","50","00","00","unchanged","copied from current OTMR","0x032","00"
"000401","01 0A","0x033","51","00","00","unchanged","copied from current OTMR","0x033","00"
"000401","01 0A","0x034","52","00","00","unchanged","copied from current OTMR","0x034","00"
"000401","01 0A","0x035","53","00","00","unchanged","copied from current OTMR","0x035","00"
"000401","01 0A","0x036","54","00","00","unchanged","copied from current OTMR","0x036","00"
"000401","01 0A","0x037","55","00","00","unchanged","copied from current OTMR","0x037","00"
"000401","01 0A","0x038","56","00","00","unchanged","copied from current OTMR","0x038","00"
"000401","01 0A","0x039","57","00","00","unchanged","copied from current OTMR","0x039","00"
"000401","01 0A","0x03A","58","00","00","unchanged","copied from current OTMR","0x03A","00"
"000401","01 0A","0x03B","59","00","00","unchanged","copied from current OTMR","0x03B","00"
"000401","01 0A","0x03C","60","00","00","unchanged","copied from current OTMR","0x03C","00"
"000401","01 0A","0x03D","61","00","00","unchanged","copied from current OTMR","0x03D","00"
"000401","01 0A","0x03E","62","00","00","unchanged","copied from current OTMR","0x03E","00"
"000401","01 0A","0x03F","63","00","00","unchanged","copied from current OTMR","0x03F","00"
"000401","01 0A","0x040","64","00","00","unchanged","copied from current OTMR","0x040","00"
"000401","01 0A","0x041","65","00","00","unchanged","copied from current OTMR","0x041","00"
"000401","01 0A","0x042","66","00","00","unchanged","copied from current OTMR","0x042","00"
"000401","01 0A","0x043","67","00","00","unchanged","copied from current OTMR","0x043","00"
"000401","01 0A","0x044","68","00","00","unchanged","copied from current OTMR","0x044","00"
"000401","01 0A","0x045","69","00","00","unchanged","copied from current OTMR","0x045","00"
"000401","01 0A","0x046","70","00","00","unchanged","copied from current OTMR","0x046","00"
"000401","01 0A","0x047","71","00","00","unchanged","copied from current OTMR","0x047","00"
"000401","01 0A","0x048","72","00","00","unchanged","copied from current OTMR","0x048","00"
"000401","01 0A","0x049","73","00","00","unchanged","copied from current OTMR","0x049","00"
"000401","01 0A","0x04A","74","00","00","unchanged","copied from current OTMR","0x04A","00"
"000401","01 0A","0x04B","75","00","00","unchanged","copied from current OTMR","0x04B","00"
"000401","01 0A","0x04C","76","00","00","unchanged","copied from current OTMR","0x04C","00"
"000401","01 0A","0x04D","77","00","00","unchanged","copied from current OTMR","0x04D","00"
"000401","01 0A","0x04E","78","00","00","unchanged","copied from current OTMR","0x04E","00"
"000401","01 0A","0x04F","79","00","00","unchanged","copied from current OTMR","0x04F","00"
"000401","01 0A","0x050","80","00","00","unchanged","copied from current OTMR","0x050","00"
"000401","01 0A","0x051","81","00","00","unchanged","copied from current OTMR","0x051","00"
"000401","01 0A","0x052","82","00","00","unchanged","copied from current OTMR","0x052","00"
"000401","01 0A","0x053","83","00","00","unchanged","copied from current OTMR","0x053","00"
"000401","01 0A","0x054","84","00","00","unchanged","copied from current OTMR","0x054","00"
"000401","01 0A","0x055","85","00","00","unchanged","copied from current OTMR","0x055","00"
"000401","01 0A","0x056","86","00","00","unchanged","copied from current OTMR","0x056","00"
"000401","01 0A","0x057","87","00","00","unchanged","copied from current OTMR","0x057","00"
"000401","01 0A","0x058","88","00","00","unchanged","copied from current OTMR","0x058","00"
"000401","01 0A","0x059","89","00","00","unchanged","copied from current OTMR","0x059","00"
"000401","01 0A","0x05A","90","00","00","unchanged","copied from current OTMR","0x05A","00"
"000401","01 0A","0x05B","91","00","00","unchanged","copied from current OTMR","0x05B","00"
"000401","01 0A","0x05C","92","00","00","unchanged","copied from current OTMR","0x05C","00"
"000401","01 0A","0x05D","93","00","00","unchanged","copied from current OTMR","0x05D","00"
"000401","01 0A","0x05E","94","00","00","unchanged","copied from current OTMR","0x05E","00"
"000401","01 0A","0x05F","95","00","00","unchanged","copied from current OTMR","0x05F","00"
"000401","01 0A","0x060","96","00","00","unchanged","copied from current OTMR","0x060","00"
"000401","01 0A","0x061","97","00","00","unchanged","copied from current OTMR","0x061","00"
"000401","01 0A","0x062","98","00","00","unchanged","copied from current OTMR","0x062","00"
"000401","01 0A","0x063","99","00","00","unchanged","copied from current OTMR","0x063","00"
"000401","01 0A","0x064","100","00","00","unchanged","copied from current OTMR","0x064","00"
"000401","01 0A","0x065","101","00","00","unchanged","copied from current OTMR","0x065","00"
"000401","01 0A","0x066","102","00","00","unchanged","copied from current OTMR","0x066","00"
"000401","01 0A","0x067","103","00","00","unchanged","copied from current OTMR","0x067","00"
"000401","01 0A","0x068","104","00","00","unchanged","copied from current OTMR","0x068","00"
"000401","01 0A","0x069","105","00","00","unchanged","copied from current OTMR","0x069","00"
"000401","01 0A","0x06A","106","00","00","unchanged","copied from current OTMR","0x06A","00"
"000401","01 0A","0x06B","107","00","00","unchanged","copied from current OTMR","0x06B","00"
"000401","01 0A","0x06C","108","00","00","unchanged","copied from current OTMR","0x06C","00"
"000401","01 0A","0x06D","109","00","00","unchanged","copied from current OTMR","0x06D","00"
"000401","01 0A","0x06E","110","00","00","unchanged","copied from current OTMR","0x06E","00"
"000401","01 0A","0x06F","111","00","00","unchanged","copied from current OTMR","0x06F","00"
"000401","01 0A","0x070","112","00","00","unchanged","copied from current OTMR","0x070","00"
"000401","01 0A","0x071","113","00","00","unchanged","copied from current OTMR","0x071","00"
"000401","01 0A","0x072","114","00","00","unchanged","copied from current OTMR","0x072","00"
"000401","01 0A","0x073","115","00","00","unchanged","copied from current OTMR","0x073","00"
"000401","01 0A","0x074","116","00","00","unchanged","copied from current OTMR","0x074","00"
"000401","01 0A","0x075","117","00","00","unchanged","copied from current OTMR","0x075","00"
"000401","01 0A","0x076","118","00","00","unchanged","copied from current OTMR","0x076","00"
"000401","01 0A","0x077","119","00","00","unchanged","copied from current OTMR","0x077","00"
"000401","01 0A","0x078","120","00","00","unchanged","copied from current OTMR","0x078","00"
"000401","01 0A","0x079","121","00","00","unchanged","copied from current OTMR","0x079","00"
"000401","01 0A","0x07A","122","00","00","unchanged","copied from current OTMR","0x07A","00"
"000401","01 0A","0x07B","123","00","00","unchanged","copied from current OTMR","0x07B","00"
"000401","01 0A","0x07C","124","00","00","unchanged","copied from current OTMR","0x07C","00"
"000401","01 0A","0x07D","125","00","00","unchanged","copied from current OTMR","0x07D","00"
"000401","01 0A","0x07E","126","00","00","unchanged","copied from current OTMR","0x07E","00"
"000401","01 0A","0x07F","127","00","00","unchanged","copied from current OTMR","0x07F","00"
"000401","01 0A","0x080","128","00","00","unchanged","copied from current OTMR","0x080","00"
"000401","01 0A","0x081","129","00","00","unchanged","copied from current OTMR","0x081","00"
"000401","01 0A","0x082","130","00","00","unchanged","copied from current OTMR","0x082","00"
"000401","01 0A","0x083","131","00","00","unchanged","copied from current OTMR","0x083","00"
"000401","01 0A","0x084","132","00","00","unchanged","copied from current OTMR","0x084","00"
"000401","01 0A","0x085","133","00","00","unchanged","copied from current OTMR","0x085","00"
"000401","01 0A","0x086","134","00","00","unchanged","copied from current OTMR","0x086","00"
"000401","01 0A","0x087","135","00","00","unchanged","copied from current OTMR","0x087","00"
"000401","01 0A","0x088","136","00","00","unchanged","copied from current OTMR","0x088","00"
"000401","01 0A","0x089","137","00","00","unchanged","copied from current OTMR","0x089","00"
"000401","01 0A","0x08A","138","00","00","unchanged","copied from current OTMR","0x08A","00"
"000401","01 0A","0x08B","139","00","00","unchanged","copied from current OTMR","0x08B","00"
"000401","01 0A","0x08C","140","00","00","unchanged","copied from current OTMR","0x08C","00"
"000401","01 0A","0x08D","141","00","00","unchanged","copied from current OTMR","0x08D","00"
"000401","01 0A","0x08E","142","00","00","unchanged","copied from current OTMR","0x08E","00"
"000401","01 0A","0x08F","143","00","00","unchanged","copied from current OTMR","0x08F","00"
"000401","01 0A","0x090","144","00","00","unchanged","copied from current OTMR","0x090","00"
"000401","01 0A","0x091","145","00","00","unchanged","copied from current OTMR","0x091","00"
"000401","01 0A","0x092","146","00","00","unchanged","copied from current OTMR","0x092","00"
"000401","01 0A","0x093","147","00","00","unchanged","copied from current OTMR","0x093","00"
"000401","01 0A","0x094","148","00","00","unchanged","copied from current OTMR","0x094","00"
"000401","01 0A","0x095","149","00","00","unchanged","copied from current OTMR","0x095","00"
"000401","01 0A","0x096","150","00","00","unchanged","copied from current OTMR","0x096","00"
"000401","01 0A","0x097","151","00","00","unchanged","copied from current OTMR","0x097","00"
"000401","01 0A","0x098","152","00","00","unchanged","copied from current OTMR","0x098","00"
"000401","01 0A","0x099","153","00","00","unchanged","copied from current OTMR","0x099","00"
"000401","01 0A","0x09A","154","00","00","unchanged","copied from current OTMR","0x09A","00"
"000401","01 0A","0x09B","155","00","00","unchanged","copied from current OTMR","0x09B","00"
"000401","01 0A","0x09C","156","00","00","unchanged","copied from current OTMR","0x09C","00"
"000401","01 0A","0x09D","157","00","00","unchanged","copied from current OTMR","0x09D","00"
"000401","01 0A","0x09E","158","00","00","unchanged","copied from current OTMR","0x09E","00"
"000401","01 0A","0x09F","159","00","00","unchanged","copied from current OTMR","0x09F","00"
"000401","01 0A","0x0A0","160","00","00","unchanged","copied from current OTMR","0x0A0","00"
"000401","01 0A","0x0A1","161","00","00","unchanged","copied from current OTMR","0x0A1","00"
"000401","01 0A","0x0A2","162","00","00","unchanged","copied from current OTMR","0x0A2","00"
"000401","01 0A","0x0A3","163","00","00","unchanged","copied from current OTMR","0x0A3","00"
"000401","01 0A","0x0A4","164","00","00","unchanged","copied from current OTMR","0x0A4","00"
"000401","01 0A","0x0A5","165","00","00","unchanged","copied from current OTMR","0x0A5","00"
"000401","01 0A","0x0A6","166","00","00","unchanged","copied from current OTMR","0x0A6","00"
"000401","01 0A","0x0A7","167","00","00","unchanged","copied from current OTMR","0x0A7","00"
"000401","01 0A","0x0A8","168","00","00","unchanged","copied from current OTMR","0x0A8","00"
"000401","01 0A","0x0A9","169","00","00","unchanged","copied from current OTMR","0x0A9","00"
"000401","01 0A","0x0AA","170","00","00","unchanged","copied from current OTMR","0x0AA","00"
"000401","01 0A","0x0AB","171","00","00","unchanged","copied from current OTMR","0x0AB","00"
"000401","01 0A","0x0AC","172","00","00","unchanged","copied from current OTMR","0x0AC","00"
"000401","01 0A","0x0AD","173","00","00","unchanged","copied from current OTMR","0x0AD","00"
"000401","01 0A","0x0AE","174","00","00","unchanged","copied from current OTMR","0x0AE","00"
"000401","01 0A","0x0AF","175","00","00","unchanged","copied from current OTMR","0x0AF","00"
"000401","01 0A","0x0B0","176","00","00","unchanged","copied from current OTMR","0x0B0","00"
"000401","01 0A","0x0B1","177","00","00","unchanged","copied from current OTMR","0x0B1","00"
"000401","01 0A","0x0B2","178","00","00","unchanged","copied from current OTMR","0x0B2","00"
"000401","01 0A","0x0B3","179","00","00","unchanged","copied from current OTMR","0x0B3","00"
"000401","01 0A","0x0B4","180","00","00","unchanged","copied from current OTMR","0x0B4","00"
"000401","01 0A","0x0B5","181","00","00","unchanged","copied from current OTMR","0x0B5","00"
"000401","01 0A","0x0B6","182","00","00","unchanged","copied from current OTMR","0x0B6","00"
"000401","01 0A","0x0B7","183","00","00","unchanged","copied from current OTMR","0x0B7","00"
"000401","01 0A","0x0B8","184","00","00","unchanged","copied from current OTMR","0x0B8","00"
"000401","01 0A","0x0B9","185","00","00","unchanged","copied from current OTMR","0x0B9","00"
"000401","01 0A","0x0BA","186","00","00","unchanged","copied from current OTMR","0x0BA","00"
"000401","01 0A","0x0BB","187","00","00","unchanged","copied from current OTMR","0x0BB","00"
"000401","01 0A","0x0BC","188","00","00","unchanged","copied from current OTMR","0x0BC","00"
"000401","01 0A","0x0BD","189","00","00","unchanged","copied from current OTMR","0x0BD","00"
"000401","01 0A","0x0BE","190","00","00","unchanged","copied from current OTMR","0x0BE","00"
"000401","01 0A","0x0BF","191","00","00","unchanged","copied from current OTMR","0x0BF","00"
"000401","01 0A","0x0C0","192","00","00","unchanged","copied from current OTMR","0x0C0","00"
"000401","01 0A","0x0C1","193","00","00","unchanged","copied from current OTMR","0x0C1","00"
"000401","01 0A","0x0C2","194","00","00","unchanged","copied from current OTMR","0x0C2","00"
"000401","01 0A","0x0C3","195","00","00","unchanged","copied from current OTMR","0x0C3","00"
"000401","01 0A","0x0C4","196","00","00","unchanged","copied from current OTMR","0x0C4","00"
"000401","01 0A","0x0C5","197","00","00","unchanged","copied from current OTMR","0x0C5","00"
"000401","01 0A","0x0C6","198","00","00","unchanged","copied from current OTMR","0x0C6","00"
"000401","01 0A","0x0C7","199","00","00","unchanged","copied from current OTMR","0x0C7","00"
"000401","01 0A","0x0C8","200","00","00","unchanged","copied from current OTMR","0x0C8","00"
"000401","01 0A","0x0C9","201","00","00","unchanged","copied from current OTMR","0x0C9","00"
"000401","01 0A","0x0CA","202","00","00","unchanged","copied from current OTMR","0x0CA","00"
"000401","01 0A","0x0CB","203","00","00","unchanged","copied from current OTMR","0x0CB","00"
"000401","01 0A","0x0CC","204","00","00","unchanged","copied from current OTMR","0x0CC","00"
"000401","01 0A","0x0CD","205","00","00","unchanged","copied from current OTMR","0x0CD","00"
"000401","01 0A","0x0CE","206","00","00","unchanged","copied from current OTMR","0x0CE","00"
"000401","01 0A","0x0CF","207","00","00","unchanged","copied from current OTMR","0x0CF","00"
"000401","01 0A","0x0D0","208","00","00","unchanged","copied from current OTMR","0x0D0","00"
"000401","01 0A","0x0D1","209","00","00","unchanged","copied from current OTMR","0x0D1","00"
"000401","01 0A","0x0D2","210","00","00","unchanged","copied from current OTMR","0x0D2","00"
"000401","01 0A","0x0D3","211","00","00","unchanged","copied from current OTMR","0x0D3","00"
"000401","01 0A","0x0D4","212","00","00","unchanged","copied from current OTMR","0x0D4","00"
"000401","01 0A","0x0D5","213","00","00","unchanged","copied from current OTMR","0x0D5","00"
"000401","01 0A","0x0D6","214","00","00","unchanged","copied from current OTMR","0x0D6","00"
"000401","01 0A","0x0D7","215","00","00","unchanged","copied from current OTMR","0x0D7","00"
"000401","01 0A","0x0D8","216","00","00","unchanged","copied from current OTMR","0x0D8","00"
"000401","01 0A","0x0D9","217","00","00","unchanged","copied from current OTMR","0x0D9","00"
"000401","01 0A","0x0DA","218","00","00","unchanged","copied from current OTMR","0x0DA","00"
"000401","01 0A","0x0DB","219","00","00","unchanged","copied from current OTMR","0x0DB","00"
"000401","01 0A","0x0DC","220","00","00","unchanged","copied from current OTMR","0x0DC","00"
"000401","01 0A","0x0DD","221","00","00","unchanged","copied from current OTMR","0x0DD","00"
"000401","01 0A","0x0DE","222","00","00","unchanged","copied from current OTMR","0x0DE","00"
"000401","01 0A","0x0DF","223","00","00","unchanged","copied from current OTMR","0x0DF","00"
"000401","01 0A","0x0E0","224","00","00","unchanged","copied from current OTMR","0x0E0","00"
"000401","01 0A","0x0E1","225","00","00","unchanged","copied from current OTMR","0x0E1","00"
"000401","01 0A","0x0E2","226","00","00","unchanged","copied from current OTMR","0x0E2","00"
"000401","01 0A","0x0E3","227","00","00","unchanged","copied from current OTMR","0x0E3","00"
"000401","01 0A","0x0E4","228","00","00","unchanged","copied from current OTMR","0x0E4","00"
"000401","01 0A","0x0E5","229","00","00","unchanged","copied from current OTMR","0x0E5","00"
"000401","01 0A","0x0E6","230","00","00","unchanged","copied from current OTMR","0x0E6","00"
"000401","01 0A","0x0E7","231","00","00","unchanged","copied from current OTMR","0x0E7","00"
"000401","01 0A","0x0E8","232","00","00","unchanged","copied from current OTMR","0x0E8","00"
"000401","01 0A","0x0E9","233","00","00","unchanged","copied from current OTMR","0x0E9","00"
"000401","01 0A","0x0EA","234","00","00","unchanged","copied from current OTMR","0x0EA","00"
"000401","01 0A","0x0EB","235","00","00","unchanged","copied from current OTMR","0x0EB","00"
"000401","01 0A","0x0EC","236","00","00","unchanged","copied from current OTMR","0x0EC","00"
"000401","01 0A","0x0ED","237","00","00","unchanged","copied from current OTMR","0x0ED","00"
"000401","01 0A","0x0EE","238","00","00","unchanged","copied from current OTMR","0x0EE","00"
"000401","01 0A","0x0EF","239","00","00","unchanged","copied from current OTMR","0x0EF","00"
"000401","01 0A","0x0F0","240","00","00","unchanged","copied from current OTMR","0x0F0","00"
"000401","01 0A","0x0F1","241","00","00","unchanged","copied from current OTMR","0x0F1","00"
"000401","01 0A","0x0F2","242","00","00","unchanged","copied from current OTMR","0x0F2","00"
"000401","01 0A","0x0F3","243","00","00","unchanged","copied from current OTMR","0x0F3","00"
"000401","01 0A","0x0F4","244","00","00","unchanged","copied from current OTMR","0x0F4","00"
"000401","01 0A","0x0F5","245","00","00","unchanged","copied from current OTMR","0x0F5","00"
"000401","01 0A","0x0F6","246","00","00","unchanged","copied from current OTMR","0x0F6","00"
"000401","01 0A","0x0F7","247","00","00","unchanged","copied from current OTMR","0x0F7","00"
"000401","01 0A","0x0F8","248","00","00","unchanged","copied from current OTMR","0x0F8","00"
"000401","01 0A","0x0F9","249","00","00","unchanged","copied from current OTMR","0x0F9","00"
"000401","01 0A","0x0FA","250","00","00","unchanged","copied from current OTMR","0x0FA","00"
"000401","01 0A","0x0FB","251","00","00","unchanged","copied from current OTMR","0x0FB","00"
"000401","01 0A","0x0FC","252","00","00","unchanged","copied from current OTMR","0x0FC","00"
"000401","01 0A","0x0FD","253","00","00","unchanged","copied from current OTMR","0x0FD","00"
"000401","01 0A","0x0FE","254","00","00","unchanged","copied from current OTMR","0x0FE","00"
"000401","01 0A","0x0FF","255","00","00","unchanged","copied from current OTMR","0x0FF","00"
"000401","01 0A","0x100","256","00","00","unchanged","copied from current OTMR","0x100","00"
"000401","01 0A","0x101","257","00","00","unchanged","copied from current OTMR","0x101","00"
"000401","01 0A","0x102","258","00","00","unchanged","copied from current OTMR","0x102","00"
"000401","01 0A","0x103","259","00","00","unchanged","copied from current OTMR","0x103","00"
"000401","01 0A","0x104","260","00","00","unchanged","copied from current OTMR","0x104","00"
"000401","01 0A","0x105","261","00","00","unchanged","copied from current OTMR","0x105","00"
"000401","01 0A","0x106","262","00","00","unchanged","copied from current OTMR","0x106","00"
"000401","01 0A","0x107","263","00","00","unchanged","copied from current OTMR","0x107","00"
"000401","01 0A","0x108","264","03","03","unchanged","protocol framing","",""
"000401","01 0A","0x109","265","00","00","unchanged","checksum/CRC","",""
"000401","01 0A","0x10A","266","04","04","unchanged","protocol framing","",""
"000423","01 0C","0x000","0","01","01","unchanged","protocol framing","",""
"000423","01 0C","0x001","1","0C","06","changed","command/index","0x003","06"
"000423","01 0C","0x002","2","00","00","unchanged","constant proven by multiple messages","",""
"000423","01 0C","0x003","3","06","06","unchanged","command/index","0x003","06"
"000423","01 0C","0x004","4","01","01","unchanged","copied from current OTMR","0x004","01"
"000423","01 0C","0x005","5","01","01","unchanged","copied from current OTMR","0x005","01"
"000423","01 0C","0x006","6","01","01","unchanged","copied from current OTMR","0x006","01"
"000423","01 0C","0x007","7","CA","C6","changed","length","0x007","CA"
"000423","01 0C","0x008","8","02","02","unchanged","protocol framing","",""
"000423","01 0C","0x009","9","00","00","unchanged","copied from current OTMR","0x009","00"
"000423","01 0C","0x00A","10","00","00","unchanged","copied from current OTMR","0x00A","00"
"000423","01 0C","0x00B","11","00","00","unchanged","copied from current OTMR","0x00B","00"
"000423","01 0C","0x00C","12","00","00","unchanged","copied from current OTMR","0x00C","00"
"000423","01 0C","0x00D","13","00","00","unchanged","copied from current OTMR","0x00D","00"
"000423","01 0C","0x00E","14","00","00","unchanged","copied from current OTMR","0x00E","00"
"000423","01 0C","0x00F","15","00","00","unchanged","copied from current OTMR","0x00F","00"
"000423","01 0C","0x010","16","00","00","unchanged","copied from current OTMR","0x010","00"
"000423","01 0C","0x011","17","00","00","unchanged","copied from current OTMR","0x011","00"
"000423","01 0C","0x012","18","00","00","unchanged","copied from current OTMR","0x012","00"
"000423","01 0C","0x013","19","00","00","unchanged","copied from current OTMR","0x013","00"
"000423","01 0C","0x014","20","00","00","unchanged","copied from current OTMR","0x014","00"
"000423","01 0C","0x015","21","00","00","unchanged","copied from current OTMR","0x015","00"
"000423","01 0C","0x016","22","00","00","unchanged","copied from current OTMR","0x016","00"
"000423","01 0C","0x017","23","00","00","unchanged","copied from current OTMR","0x017","00"
"000423","01 0C","0x018","24","00","00","unchanged","copied from current OTMR","0x018","00"
"000423","01 0C","0x019","25","00","00","unchanged","copied from current OTMR","0x019","00"
"000423","01 0C","0x01A","26","00","00","unchanged","copied from current OTMR","0x01A","00"
"000423","01 0C","0x01B","27","00","00","unchanged","copied from current OTMR","0x01B","00"
"000423","01 0C","0x01C","28","00","00","unchanged","copied from current OTMR","0x01C","00"
"000423","01 0C","0x01D","29","00","00","unchanged","copied from current OTMR","0x01D","00"
"000423","01 0C","0x01E","30","00","00","unchanged","copied from current OTMR","0x01E","00"
"000423","01 0C","0x01F","31","00","00","unchanged","copied from current OTMR","0x01F","00"
"000423","01 0C","0x020","32","00","00","unchanged","copied from current OTMR","0x020","00"
"000423","01 0C","0x021","33","00","00","unchanged","copied from current OTMR","0x021","00"
"000423","01 0C","0x022","34","00","00","unchanged","copied from current OTMR","0x022","00"
"000423","01 0C","0x023","35","00","00","unchanged","copied from current OTMR","0x023","00"
"000423","01 0C","0x024","36","00","00","unchanged","copied from current OTMR","0x024","00"
"000423","01 0C","0x025","37","00","00","unchanged","copied from current OTMR","0x025","00"
"000423","01 0C","0x026","38","00","00","unchanged","copied from current OTMR","0x026","00"
"000423","01 0C","0x027","39","00","00","unchanged","copied from current OTMR","0x027","00"
"000423","01 0C","0x028","40","00","00","unchanged","copied from current OTMR","0x028","00"
"000423","01 0C","0x029","41","00","00","unchanged","copied from current OTMR","0x029","00"
"000423","01 0C","0x02A","42","00","00","unchanged","copied from current OTMR","0x02A","00"
"000423","01 0C","0x02B","43","00","00","unchanged","copied from current OTMR","0x02B","00"
"000423","01 0C","0x02C","44","00","00","unchanged","copied from current OTMR","0x02C","00"
"000423","01 0C","0x02D","45","00","00","unchanged","copied from current OTMR","0x02D","00"
"000423","01 0C","0x02E","46","00","00","unchanged","copied from current OTMR","0x02E","00"
"000423","01 0C","0x02F","47","00","00","unchanged","copied from current OTMR","0x02F","00"
"000423","01 0C","0x030","48","00","00","unchanged","copied from current OTMR","0x030","00"
"000423","01 0C","0x031","49","00","00","unchanged","copied from current OTMR","0x031","00"
"000423","01 0C","0x032","50","00","00","unchanged","copied from current OTMR","0x032","00"
"000423","01 0C","0x033","51","00","00","unchanged","copied from current OTMR","0x033","00"
"000423","01 0C","0x034","52","00","00","unchanged","copied from current OTMR","0x034","00"
"000423","01 0C","0x035","53","00","00","unchanged","copied from current OTMR","0x035","00"
"000423","01 0C","0x036","54","00","00","unchanged","copied from current OTMR","0x036","00"
"000423","01 0C","0x037","55","00","00","unchanged","copied from current OTMR","0x037","00"
"000423","01 0C","0x038","56","00","00","unchanged","copied from current OTMR","0x038","00"
"000423","01 0C","0x039","57","00","00","unchanged","copied from current OTMR","0x039","00"
"000423","01 0C","0x03A","58","00","00","unchanged","copied from current OTMR","0x03A","00"
"000423","01 0C","0x03B","59","00","00","unchanged","copied from current OTMR","0x03B","00"
"000423","01 0C","0x03C","60","00","00","unchanged","copied from current OTMR","0x03C","00"
"000423","01 0C","0x03D","61","00","00","unchanged","copied from current OTMR","0x03D","00"
"000423","01 0C","0x03E","62","00","00","unchanged","copied from current OTMR","0x03E","00"
"000423","01 0C","0x03F","63","00","00","unchanged","copied from current OTMR","0x03F","00"
"000423","01 0C","0x040","64","00","00","unchanged","copied from current OTMR","0x040","00"
"000423","01 0C","0x041","65","00","00","unchanged","copied from current OTMR","0x041","00"
"000423","01 0C","0x042","66","00","00","unchanged","copied from current OTMR","0x042","00"
"000423","01 0C","0x043","67","00","00","unchanged","copied from current OTMR","0x043","00"
"000423","01 0C","0x044","68","00","00","unchanged","copied from current OTMR","0x044","00"
"000423","01 0C","0x045","69","00","00","unchanged","copied from current OTMR","0x045","00"
"000423","01 0C","0x046","70","00","00","unchanged","copied from current OTMR","0x046","00"
"000423","01 0C","0x047","71","00","00","unchanged","copied from current OTMR","0x047","00"
"000423","01 0C","0x048","72","00","00","unchanged","copied from current OTMR","0x048","00"
"000423","01 0C","0x049","73","00","00","unchanged","copied from current OTMR","0x049","00"
"000423","01 0C","0x04A","74","00","00","unchanged","copied from current OTMR","0x04A","00"
"000423","01 0C","0x04B","75","00","00","unchanged","copied from current OTMR","0x04B","00"
"000423","01 0C","0x04C","76","00","00","unchanged","copied from current OTMR","0x04C","00"
"000423","01 0C","0x04D","77","00","00","unchanged","copied from current OTMR","0x04D","00"
"000423","01 0C","0x04E","78","00","00","unchanged","copied from current OTMR","0x04E","00"
"000423","01 0C","0x04F","79","00","00","unchanged","copied from current OTMR","0x04F","00"
"000423","01 0C","0x050","80","00","00","unchanged","copied from current OTMR","0x050","00"
"000423","01 0C","0x051","81","00","00","unchanged","copied from current OTMR","0x051","00"
"000423","01 0C","0x052","82","00","00","unchanged","copied from current OTMR","0x052","00"
"000423","01 0C","0x053","83","00","00","unchanged","copied from current OTMR","0x053","00"
"000423","01 0C","0x054","84","00","00","unchanged","copied from current OTMR","0x054","00"
"000423","01 0C","0x055","85","00","00","unchanged","copied from current OTMR","0x055","00"
"000423","01 0C","0x056","86","00","00","unchanged","copied from current OTMR","0x056","00"
"000423","01 0C","0x057","87","00","00","unchanged","copied from current OTMR","0x057","00"
"000423","01 0C","0x058","88","00","00","unchanged","copied from current OTMR","0x058","00"
"000423","01 0C","0x059","89","00","00","unchanged","copied from current OTMR","0x059","00"
"000423","01 0C","0x05A","90","00","00","unchanged","copied from current OTMR","0x05A","00"
"000423","01 0C","0x05B","91","00","00","unchanged","copied from current OTMR","0x05B","00"
"000423","01 0C","0x05C","92","00","00","unchanged","copied from current OTMR","0x05C","00"
"000423","01 0C","0x05D","93","00","00","unchanged","copied from current OTMR","0x05D","00"
"000423","01 0C","0x05E","94","00","00","unchanged","copied from current OTMR","0x05E","00"
"000423","01 0C","0x05F","95","00","00","unchanged","copied from current OTMR","0x05F","00"
"000423","01 0C","0x060","96","00","00","unchanged","copied from current OTMR","0x060","00"
"000423","01 0C","0x061","97","00","00","unchanged","copied from current OTMR","0x061","00"
"000423","01 0C","0x062","98","00","00","unchanged","copied from current OTMR","0x062","00"
"000423","01 0C","0x063","99","00","00","unchanged","copied from current OTMR","0x063","00"
"000423","01 0C","0x064","100","00","00","unchanged","copied from current OTMR","0x064","00"
"000423","01 0C","0x065","101","00","00","unchanged","copied from current OTMR","0x065","00"
"000423","01 0C","0x066","102","00","00","unchanged","copied from current OTMR","0x066","00"
"000423","01 0C","0x067","103","00","00","unchanged","copied from current OTMR","0x067","00"
"000423","01 0C","0x068","104","00","00","unchanged","copied from current OTMR","0x068","00"
"000423","01 0C","0x069","105","00","00","unchanged","copied from current OTMR","0x069","00"
"000423","01 0C","0x06A","106","00","00","unchanged","copied from current OTMR","0x06A","00"
"000423","01 0C","0x06B","107","00","00","unchanged","copied from current OTMR","0x06B","00"
"000423","01 0C","0x06C","108","00","00","unchanged","copied from current OTMR","0x06C","00"
"000423","01 0C","0x06D","109","00","00","unchanged","copied from current OTMR","0x06D","00"
"000423","01 0C","0x06E","110","00","00","unchanged","copied from current OTMR","0x06E","00"
"000423","01 0C","0x06F","111","00","00","unchanged","copied from current OTMR","0x06F","00"
"000423","01 0C","0x070","112","00","00","unchanged","copied from current OTMR","0x070","00"
"000423","01 0C","0x071","113","00","00","unchanged","copied from current OTMR","0x071","00"
"000423","01 0C","0x072","114","00","00","unchanged","copied from current OTMR","0x072","00"
"000423","01 0C","0x073","115","00","00","unchanged","copied from current OTMR","0x073","00"
"000423","01 0C","0x074","116","00","00","unchanged","copied from current OTMR","0x074","00"
"000423","01 0C","0x075","117","00","00","unchanged","copied from current OTMR","0x075","00"
"000423","01 0C","0x076","118","00","00","unchanged","copied from current OTMR","0x076","00"
"000423","01 0C","0x077","119","00","00","unchanged","copied from current OTMR","0x077","00"
"000423","01 0C","0x078","120","00","00","unchanged","copied from current OTMR","0x078","00"
"000423","01 0C","0x079","121","00","00","unchanged","copied from current OTMR","0x079","00"
"000423","01 0C","0x07A","122","00","00","unchanged","copied from current OTMR","0x07A","00"
"000423","01 0C","0x07B","123","00","00","unchanged","copied from current OTMR","0x07B","00"
"000423","01 0C","0x07C","124","00","00","unchanged","copied from current OTMR","0x07C","00"
"000423","01 0C","0x07D","125","00","00","unchanged","copied from current OTMR","0x07D","00"
"000423","01 0C","0x07E","126","00","00","unchanged","copied from current OTMR","0x07E","00"
"000423","01 0C","0x07F","127","00","00","unchanged","copied from current OTMR","0x07F","00"
"000423","01 0C","0x080","128","00","00","unchanged","copied from current OTMR","0x080","00"
"000423","01 0C","0x081","129","00","00","unchanged","copied from current OTMR","0x081","00"
"000423","01 0C","0x082","130","00","00","unchanged","copied from current OTMR","0x082","00"
"000423","01 0C","0x083","131","00","00","unchanged","copied from current OTMR","0x083","00"
"000423","01 0C","0x084","132","00","00","unchanged","copied from current OTMR","0x084","00"
"000423","01 0C","0x085","133","00","00","unchanged","copied from current OTMR","0x085","00"
"000423","01 0C","0x086","134","00","00","unchanged","copied from current OTMR","0x086","00"
"000423","01 0C","0x087","135","00","00","unchanged","copied from current OTMR","0x087","00"
"000423","01 0C","0x088","136","00","00","unchanged","copied from current OTMR","0x088","00"
"000423","01 0C","0x089","137","00","00","unchanged","copied from current OTMR","0x089","00"
"000423","01 0C","0x08A","138","00","00","unchanged","copied from current OTMR","0x08A","00"
"000423","01 0C","0x08B","139","00","00","unchanged","copied from current OTMR","0x08B","00"
"000423","01 0C","0x08C","140","00","00","unchanged","copied from current OTMR","0x08C","00"
"000423","01 0C","0x08D","141","00","00","unchanged","copied from current OTMR","0x08D","00"
"000423","01 0C","0x08E","142","00","00","unchanged","copied from current OTMR","0x08E","00"
"000423","01 0C","0x08F","143","00","00","unchanged","copied from current OTMR","0x08F","00"
"000423","01 0C","0x090","144","00","00","unchanged","copied from current OTMR","0x090","00"
"000423","01 0C","0x091","145","00","00","unchanged","copied from current OTMR","0x091","00"
"000423","01 0C","0x092","146","00","00","unchanged","copied from current OTMR","0x092","00"
"000423","01 0C","0x093","147","00","00","unchanged","copied from current OTMR","0x093","00"
"000423","01 0C","0x094","148","00","00","unchanged","copied from current OTMR","0x094","00"
"000423","01 0C","0x095","149","00","00","unchanged","copied from current OTMR","0x095","00"
"000423","01 0C","0x096","150","00","00","unchanged","copied from current OTMR","0x096","00"
"000423","01 0C","0x097","151","00","00","unchanged","copied from current OTMR","0x097","00"
"000423","01 0C","0x098","152","00","00","unchanged","copied from current OTMR","0x098","00"
"000423","01 0C","0x099","153","00","00","unchanged","copied from current OTMR","0x099","00"
"000423","01 0C","0x09A","154","00","00","unchanged","copied from current OTMR","0x09A","00"
"000423","01 0C","0x09B","155","00","00","unchanged","copied from current OTMR","0x09B","00"
"000423","01 0C","0x09C","156","00","00","unchanged","copied from current OTMR","0x09C","00"
"000423","01 0C","0x09D","157","00","00","unchanged","copied from current OTMR","0x09D","00"
"000423","01 0C","0x09E","158","00","00","unchanged","copied from current OTMR","0x09E","00"
"000423","01 0C","0x09F","159","00","00","unchanged","copied from current OTMR","0x09F","00"
"000423","01 0C","0x0A0","160","00","00","unchanged","copied from current OTMR","0x0A0","00"
"000423","01 0C","0x0A1","161","00","00","unchanged","copied from current OTMR","0x0A1","00"
"000423","01 0C","0x0A2","162","00","00","unchanged","copied from current OTMR","0x0A2","00"
"000423","01 0C","0x0A3","163","00","00","unchanged","copied from current OTMR","0x0A3","00"
"000423","01 0C","0x0A4","164","00","00","unchanged","copied from current OTMR","0x0A4","00"
"000423","01 0C","0x0A5","165","00","00","unchanged","copied from current OTMR","0x0A5","00"
"000423","01 0C","0x0A6","166","00","00","unchanged","copied from current OTMR","0x0A6","00"
"000423","01 0C","0x0A7","167","00","00","unchanged","copied from current OTMR","0x0A7","00"
"000423","01 0C","0x0A8","168","00","00","unchanged","copied from current OTMR","0x0A8","00"
"000423","01 0C","0x0A9","169","00","00","unchanged","copied from current OTMR","0x0A9","00"
"000423","01 0C","0x0AA","170","00","00","unchanged","copied from current OTMR","0x0AA","00"
"000423","01 0C","0x0AB","171","00","00","unchanged","copied from current OTMR","0x0AB","00"
"000423","01 0C","0x0AC","172","00","00","unchanged","copied from current OTMR","0x0AC","00"
"000423","01 0C","0x0AD","173","00","00","unchanged","copied from current OTMR","0x0AD","00"
"000423","01 0C","0x0AE","174","00","00","unchanged","copied from current OTMR","0x0AE","00"
"000423","01 0C","0x0AF","175","00","00","unchanged","copied from current OTMR","0x0AF","00"
"000423","01 0C","0x0B0","176","00","00","unchanged","copied from current OTMR","0x0B0","00"
"000423","01 0C","0x0B1","177","00","00","unchanged","copied from current OTMR","0x0B1","00"
"000423","01 0C","0x0B2","178","00","00","unchanged","copied from current OTMR","0x0B2","00"
"000423","01 0C","0x0B3","179","00","00","unchanged","copied from current OTMR","0x0B3","00"
"000423","01 0C","0x0B4","180","00","00","unchanged","copied from current OTMR","0x0B4","00"
"000423","01 0C","0x0B5","181","00","00","unchanged","copied from current OTMR","0x0B5","00"
"000423","01 0C","0x0B6","182","00","00","unchanged","copied from current OTMR","0x0B6","00"
"000423","01 0C","0x0B7","183","00","00","unchanged","copied from current OTMR","0x0B7","00"
"000423","01 0C","0x0B8","184","00","00","unchanged","copied from current OTMR","0x0B8","00"
"000423","01 0C","0x0B9","185","00","00","unchanged","copied from current OTMR","0x0B9","00"
"000423","01 0C","0x0BA","186","00","00","unchanged","copied from current OTMR","0x0BA","00"
"000423","01 0C","0x0BB","187","00","00","unchanged","copied from current OTMR","0x0BB","00"
"000423","01 0C","0x0BC","188","00","00","unchanged","copied from current OTMR","0x0BC","00"
"000423","01 0C","0x0BD","189","00","00","unchanged","copied from current OTMR","0x0BD","00"
"000423","01 0C","0x0BE","190","00","00","unchanged","copied from current OTMR","0x0BE","00"
"000423","01 0C","0x0BF","191","00","00","unchanged","copied from current OTMR","0x0BF","00"
"000423","01 0C","0x0C0","192","00","00","unchanged","copied from current OTMR","0x0C0","00"
"000423","01 0C","0x0C1","193","00","00","unchanged","copied from current OTMR","0x0C1","00"
"000423","01 0C","0x0C2","194","00","00","unchanged","copied from current OTMR","0x0C2","00"
"000423","01 0C","0x0C3","195","00","00","unchanged","copied from current OTMR","0x0C3","00"
"000423","01 0C","0x0C4","196","00","00","unchanged","copied from current OTMR","0x0C4","00"
"000423","01 0C","0x0C5","197","00","00","unchanged","copied from current OTMR","0x0C5","00"
"000423","01 0C","0x0C6","198","00","00","unchanged","copied from current OTMR","0x0C6","00"
"000423","01 0C","0x0C7","199","00","00","unchanged","copied from current OTMR","0x0C7","00"
"000423","01 0C","0x0C8","200","00","00","unchanged","copied from current OTMR","0x0C8","00"
"000423","01 0C","0x0C9","201","00","00","unchanged","copied from current OTMR","0x0C9","00"
"000423","01 0C","0x0CA","202","00","00","unchanged","copied from current OTMR","0x0CA","00"
"000423","01 0C","0x0CB","203","00","00","unchanged","copied from current OTMR","0x0CB","00"
"000423","01 0C","0x0CC","204","00","00","unchanged","copied from current OTMR","0x0CC","00"
"000423","01 0C","0x0CD","205","00","40","changed","unknown","",""
"000423","01 0C","0x0CE","206","00","00","unchanged","copied from current OTMR","0x0D2","00"
"000423","01 0C","0x0CF","207","00","03","changed","protocol framing","",""
"000423","01 0C","0x0D0","208","00","40","changed","checksum/CRC","",""
"000423","01 0C","0x0D1","209","00","04","changed","protocol framing","",""
